-- MySQL dump 10.13  Distrib 8.0.23, for Win64 (x86_64)
--
-- Host: localhost    Database: vk1
-- ------------------------------------------------------
-- Server version	8.0.23

/*!40101 SET @OLD_CHARACTER_SET_CLIENT=@@CHARACTER_SET_CLIENT */;
/*!40101 SET @OLD_CHARACTER_SET_RESULTS=@@CHARACTER_SET_RESULTS */;
/*!40101 SET @OLD_COLLATION_CONNECTION=@@COLLATION_CONNECTION */;
/*!50503 SET NAMES utf8 */;
/*!40103 SET @OLD_TIME_ZONE=@@TIME_ZONE */;
/*!40103 SET TIME_ZONE='+00:00' */;
/*!40014 SET @OLD_UNIQUE_CHECKS=@@UNIQUE_CHECKS, UNIQUE_CHECKS=0 */;
/*!40014 SET @OLD_FOREIGN_KEY_CHECKS=@@FOREIGN_KEY_CHECKS, FOREIGN_KEY_CHECKS=0 */;
/*!40101 SET @OLD_SQL_MODE=@@SQL_MODE, SQL_MODE='NO_AUTO_VALUE_ON_ZERO' */;
/*!40111 SET @OLD_SQL_NOTES=@@SQL_NOTES, SQL_NOTES=0 */;

--
-- Table structure for table `cities`
--

DROP TABLE IF EXISTS `cities`;
/*!40101 SET @saved_cs_client     = @@character_set_client */;
/*!50503 SET character_set_client = utf8mb4 */;
CREATE TABLE `cities` (
  `id` int unsigned NOT NULL AUTO_INCREMENT,
  `name` varchar(150) CHARACTER SET utf8mb4 COLLATE utf8mb4_unicode_ci NOT NULL,
  `country_id` int unsigned DEFAULT NULL,
  PRIMARY KEY (`id`),
  KEY `cities_country_id_fk` (`country_id`),
  CONSTRAINT `cities_country_id_fk` FOREIGN KEY (`country_id`) REFERENCES `countries` (`id`) ON DELETE SET NULL
) ENGINE=InnoDB AUTO_INCREMENT=101 DEFAULT CHARSET=utf8mb4 COLLATE=utf8mb4_unicode_ci;
/*!40101 SET character_set_client = @saved_cs_client */;

--
-- Dumping data for table `cities`
--

LOCK TABLES `cities` WRITE;
/*!40000 ALTER TABLE `cities` DISABLE KEYS */;
INSERT INTO `cities` VALUES (1,'South Kentonborough',22),(2,'Deckowfort',54),(3,'Mosesstad',41),(4,'Marvinside',51),(5,'Port Elvie',24),(6,'Sipesfort',34),(7,'New Maya',99),(8,'West Elseburgh',79),(9,'Lake Justus',75),(10,'New Jaclynmouth',100),(11,'Gutmannmouth',92),(12,'South Lionel',93),(13,'North Arden',15),(14,'Lake Pasqualeton',7),(15,'South Noble',91),(16,'Port Rosaliashire',86),(17,'Janelleside',31),(18,'New Darrenhaven',99),(19,'Parkerland',84),(20,'Marvinberg',88),(21,'East Eltonstad',79),(22,'West Luciano',66),(23,'New Hildegardburgh',28),(24,'Crooksview',37),(25,'Erikafort',19),(26,'Huelstown',77),(27,'Lake Maxstad',98),(28,'New Otis',87),(29,'Smithamview',3),(30,'Port Ocieburgh',45),(31,'Ziemannside',86),(32,'North Nedrachester',25),(33,'Dewittview',98),(34,'Saulmouth',26),(35,'Hackettbury',75),(36,'Nitzscheborough',21),(37,'Alannaland',60),(38,'North Nellefurt',73),(39,'Lake Alfordmouth',100),(40,'Dickenschester',35),(41,'East Coltonfort',73),(42,'Franeckistad',91),(43,'West Jesus',28),(44,'Viviannestad',88),(45,'North Alvishaven',98),(46,'Jamarland',18),(47,'Port Lucienne',73),(48,'Estelmouth',28),(49,'Ondrickafort',17),(50,'East Harmonyshire',57),(51,'North Jeradbury',16),(52,'Darrinmouth',95),(53,'Metzfurt',22),(54,'Antonemouth',43),(55,'Yazminville',32),(56,'East Bill',40),(57,'Lueilwitzmouth',20),(58,'North Fatima',29),(59,'Padbergview',27),(60,'New Savannah',22),(61,'Lednerport',74),(62,'South Justina',13),(63,'Bennettborough',46),(64,'Kendallhaven',71),(65,'Daniellaside',39),(66,'North Vidal',20),(67,'Lake Sigurdland',92),(68,'East Laneyfort',98),(69,'North Okey',93),(70,'Lake Magdalenchester',91),(71,'Lake Khalid',33),(72,'South Yasmeenmouth',66),(73,'Port Rubenberg',81),(74,'Garlandside',60),(75,'Lake Kenya',53),(76,'Haneview',78),(77,'Port Fredyport',77),(78,'Wizafurt',26),(79,'Milesland',6),(80,'South June',93),(81,'West Jacynthefurt',82),(82,'Othoview',21),(83,'North Tysonhaven',88),(84,'Hilllstad',3),(85,'Lupemouth',63),(86,'O\'Reillystad',19),(87,'Eunaburgh',43),(88,'Port Don',82),(89,'North Wilson',48),(90,'Port Chadrickshire',70),(91,'Hackettborough',4),(92,'South Arnulfo',21),(93,'Muellerhaven',82),(94,'East Carmelhaven',49),(95,'Emeliachester',92),(96,'Randalborough',20),(97,'South Tayastad',69),(98,'Cruickshankbury',83),(99,'North Blaze',18),(100,'Grahamtown',62);
/*!40000 ALTER TABLE `cities` ENABLE KEYS */;
UNLOCK TABLES;

--
-- Table structure for table `communities`
--

DROP TABLE IF EXISTS `communities`;
/*!40101 SET @saved_cs_client     = @@character_set_client */;
/*!50503 SET character_set_client = utf8mb4 */;
CREATE TABLE `communities` (
  `id` int unsigned NOT NULL AUTO_INCREMENT COMMENT '╨Ш╨┤╨╡╨╜╤В╨╕╤Д╨╕╨║╨░╤В╨╛╤А ╤Б╤А╨╛╨║╨╕',
  `name` varchar(150) CHARACTER SET utf8mb4 COLLATE utf8mb4_unicode_ci NOT NULL COMMENT '╨Э╨░╨╖╨▓╨░╨╜╨╕╨╡ ╨│╤А╤Г╨┐╨┐╤Л',
  `created_at` datetime DEFAULT CURRENT_TIMESTAMP COMMENT '╨Т╤А╨╡╨╝╤П ╤Б╨╛╨╖╨┤╨░╨╜╨╕╤П ╤Б╤В╤А╨╛╨║╨╕',
  `updated_at` datetime DEFAULT CURRENT_TIMESTAMP ON UPDATE CURRENT_TIMESTAMP COMMENT '╨Т╤А╨╡╨╝╤П ╨╛╨▒╨╜╨╛╨▓╨╗╨╡╨╜╨╕╤П ╤Б╤В╤А╨╛╨║╨╕',
  PRIMARY KEY (`id`),
  UNIQUE KEY `name` (`name`)
) ENGINE=InnoDB AUTO_INCREMENT=101 DEFAULT CHARSET=utf8mb4 COLLATE=utf8mb4_unicode_ci COMMENT='╨У╤А╤Г╨┐╨┐╤Л';
/*!40101 SET character_set_client = @saved_cs_client */;

--
-- Dumping data for table `communities`
--

LOCK TABLES `communities` WRITE;
/*!40000 ALTER TABLE `communities` DISABLE KEYS */;
INSERT INTO `communities` VALUES (1,'harum','2013-01-10 06:56:10','2020-04-16 15:01:06'),(2,'itaque','2019-10-03 01:22:48','2021-05-05 20:04:58'),(3,'et','2018-02-09 23:38:03','2019-02-12 06:34:06'),(4,'numquam','2013-05-21 20:40:56','2018-10-07 19:54:54'),(5,'fugit','2016-04-17 09:30:28','2021-05-05 20:04:58'),(6,'totam','2019-12-07 12:27:52','2021-05-05 20:04:58'),(7,'nemo','2018-09-30 20:59:57','2019-01-23 14:00:50'),(8,'quaerat','2018-03-18 11:22:51','2021-05-05 20:04:58'),(9,'tenetur','2011-08-07 15:07:02','2015-02-03 03:55:27'),(10,'corrupti','2015-08-05 13:42:22','2021-05-05 20:04:58'),(11,'aut','2015-09-01 17:13:36','2021-03-05 05:53:31'),(12,'voluptates','2017-07-31 06:22:57','2021-05-05 20:04:58'),(13,'nihil','2013-02-24 05:43:25','2015-02-27 00:38:20'),(14,'delectus','2011-09-08 17:00:11','2015-10-05 02:19:13'),(15,'voluptas','2011-07-14 18:19:46','2016-12-01 13:27:28'),(16,'hic','2017-04-20 04:20:05','2021-05-05 20:04:58'),(17,'officia','2014-10-05 01:11:30','2019-01-29 18:19:02'),(18,'porro','2020-09-13 17:05:07','2021-05-05 20:04:58'),(19,'nam','2020-08-25 08:14:57','2020-12-27 04:19:38'),(20,'autem','2019-02-19 02:36:45','2021-05-05 20:04:58'),(21,'omnis','2012-07-18 00:13:14','2020-04-14 21:36:32'),(22,'nobis','2012-01-12 14:15:39','2017-08-06 23:47:38'),(23,'quasi','2017-03-15 19:45:09','2019-02-04 01:12:38'),(24,'vero','2013-02-27 17:02:11','2015-10-02 20:09:07'),(25,'saepe','2017-04-22 12:47:28','2021-05-05 20:04:58'),(26,'qui','2015-04-08 17:25:53','2021-05-05 20:04:58'),(27,'nesciunt','2014-01-17 00:33:23','2018-03-19 03:00:57'),(28,'accusamus','2021-04-29 18:42:32','2021-05-05 20:04:58'),(29,'iusto','2014-12-08 23:03:50','2016-09-22 08:35:27'),(30,'eos','2016-03-15 20:13:59','2021-05-05 20:04:58');
/*!40000 ALTER TABLE `communities` ENABLE KEYS */;
UNLOCK TABLES;

--
-- Table structure for table `communities_users`
--

DROP TABLE IF EXISTS `communities_users`;
/*!40101 SET @saved_cs_client     = @@character_set_client */;
/*!50503 SET character_set_client = utf8mb4 */;
CREATE TABLE `communities_users` (
  `community_id` int unsigned NOT NULL COMMENT 'Ссылка на группу',
  `user_id` int unsigned NOT NULL COMMENT 'Ссылка на пользователя',
  `created_at` datetime DEFAULT CURRENT_TIMESTAMP COMMENT 'Время создания строки',
  PRIMARY KEY (`community_id`,`user_id`) COMMENT 'Составной первичный ключ',
  KEY `community_users_user_id_fk` (`user_id`),
  CONSTRAINT `communities_users_community_id_fk` FOREIGN KEY (`community_id`) REFERENCES `communities` (`id`) ON DELETE CASCADE,
  CONSTRAINT `community_users_user_id_fk` FOREIGN KEY (`user_id`) REFERENCES `users` (`id`) ON DELETE CASCADE
) ENGINE=InnoDB DEFAULT CHARSET=utf8mb4 COLLATE=utf8mb4_0900_ai_ci COMMENT='Участники групп, связь между пользователями и группами';
/*!40101 SET character_set_client = @saved_cs_client */;

--
-- Dumping data for table `communities_users`
--

LOCK TABLES `communities_users` WRITE;
/*!40000 ALTER TABLE `communities_users` DISABLE KEYS */;
INSERT INTO `communities_users` VALUES (1,17,'2020-01-14 19:10:46'),(1,40,'2018-10-22 02:49:51'),(1,53,'2020-10-12 22:14:41'),(2,13,'2017-10-29 09:35:46'),(2,14,'2011-12-15 03:59:43'),(2,40,'2019-04-24 14:59:40'),(2,54,'2019-10-16 05:38:08'),(3,11,'2017-11-07 13:32:02'),(3,26,'2014-07-21 05:23:47'),(3,36,'2017-03-08 23:10:25'),(3,51,'2018-07-16 11:35:47'),(3,72,'2016-09-30 20:50:46'),(4,58,'2012-09-25 16:44:14'),(4,83,'2017-10-30 03:32:45'),(4,87,'2018-03-03 23:39:15'),(5,21,'2018-08-05 02:36:53'),(5,85,'2014-10-30 18:25:57'),(5,86,'2015-05-10 07:40:04'),(6,17,'2017-01-28 07:14:38'),(6,18,'2020-04-15 18:10:16'),(6,29,'2019-08-30 02:06:56'),(6,83,'2019-10-29 17:31:56'),(7,17,'2020-10-12 22:14:41'),(7,68,'2016-05-09 12:10:25'),(7,98,'2017-08-25 05:03:34'),(8,46,'2020-11-14 06:49:28'),(8,91,'2015-08-29 17:55:59'),(9,23,'2013-11-10 11:46:07'),(9,50,'2017-05-30 05:49:35'),(10,95,'2020-01-23 19:23:55'),(11,33,'2013-08-06 08:37:34'),(11,38,'2017-08-13 05:03:22'),(11,88,'2015-08-09 12:41:30'),(12,16,'2012-08-20 22:28:13'),(12,32,'2019-01-31 22:20:59'),(12,89,'2014-11-20 00:17:38'),(12,94,'2017-02-27 05:56:08'),(13,39,'2017-07-02 03:16:06'),(14,13,'2012-03-12 22:12:23'),(15,31,'2013-07-23 22:14:11'),(15,59,'2011-11-22 16:50:26'),(15,60,'2019-12-27 15:11:27'),(15,97,'2016-09-12 19:54:23'),(16,18,'2018-09-11 22:21:01'),(16,64,'2017-05-22 03:32:39'),(17,21,'2015-04-08 09:50:52'),(17,34,'2018-02-05 01:36:59'),(17,68,'2013-09-02 03:58:55'),(17,72,'2013-09-17 21:42:37'),(17,90,'2016-06-09 23:20:40'),(18,5,'2015-12-18 02:34:32'),(18,14,'2014-01-14 21:35:56'),(18,86,'2012-04-02 17:33:41'),(18,88,'2012-03-24 12:47:38'),(19,27,'2017-06-02 18:48:02'),(19,28,'2014-08-16 00:12:07'),(19,29,'2014-04-27 22:12:15'),(19,31,'2018-04-28 01:34:39'),(19,63,'2015-11-26 22:08:14'),(19,65,'2017-04-07 07:47:31'),(19,93,'2015-11-06 03:08:18'),(20,11,'2013-03-08 11:42:19'),(20,30,'2018-07-28 02:04:33'),(20,46,'2017-02-28 11:36:14'),(21,18,'2013-10-02 01:34:48'),(21,48,'2020-05-13 09:51:02'),(21,70,'2016-10-03 19:46:18'),(21,88,'2019-11-23 11:01:22'),(22,8,'2019-05-06 23:35:22'),(22,9,'2020-01-26 06:26:54'),(23,31,'2012-03-10 12:15:19'),(23,81,'2011-09-05 14:30:52'),(23,82,'2020-08-28 04:36:38'),(24,26,'2017-10-27 18:00:36'),(24,47,'2019-03-09 23:05:30'),(24,69,'2015-04-10 03:16:39'),(24,94,'2012-07-06 15:52:47'),(25,8,'2018-07-07 14:10:28'),(25,85,'2014-07-05 10:38:08'),(25,97,'2016-04-18 22:32:24'),(26,28,'2019-07-23 23:04:25'),(26,58,'2012-05-31 11:32:44'),(27,5,'2011-11-12 15:38:23'),(27,11,'2014-09-03 10:26:47'),(27,15,'2020-06-25 02:17:00'),(27,42,'2016-01-05 13:49:29'),(27,46,'2011-12-09 16:08:22'),(27,54,'2019-04-19 21:12:32'),(27,95,'2017-04-27 23:36:13'),(28,37,'2016-08-24 11:06:58'),(28,45,'2012-03-14 19:47:08'),(28,60,'2015-06-04 13:52:55'),(28,73,'2020-11-18 10:35:28'),(29,3,'2017-01-10 19:49:04'),(29,24,'2014-06-03 21:27:48'),(30,4,'2018-05-24 11:58:10'),(30,16,'2016-03-06 19:57:54'),(30,51,'2017-02-14 07:05:59'),(30,65,'2013-11-29 06:00:26'),(30,83,'2012-09-30 05:21:50');
/*!40000 ALTER TABLE `communities_users` ENABLE KEYS */;
UNLOCK TABLES;

--
-- Table structure for table `countries`
--

DROP TABLE IF EXISTS `countries`;
/*!40101 SET @saved_cs_client     = @@character_set_client */;
/*!50503 SET character_set_client = utf8mb4 */;
CREATE TABLE `countries` (
  `id` int unsigned NOT NULL AUTO_INCREMENT,
  `name` varchar(150) CHARACTER SET utf8mb4 COLLATE utf8mb4_unicode_ci NOT NULL,
  PRIMARY KEY (`id`),
  UNIQUE KEY `name` (`name`)
) ENGINE=InnoDB AUTO_INCREMENT=101 DEFAULT CHARSET=utf8mb4 COLLATE=utf8mb4_unicode_ci;
/*!40101 SET character_set_client = @saved_cs_client */;

--
-- Dumping data for table `countries`
--

LOCK TABLES `countries` WRITE;
/*!40000 ALTER TABLE `countries` DISABLE KEYS */;
INSERT INTO `countries` VALUES (77,'Afghanistan'),(15,'Andorra'),(32,'Angola'),(78,'Anguilla'),(67,'Armenia'),(80,'Austria'),(60,'Azerbaijan'),(96,'Benin'),(92,'Bosnia and Herzegovina'),(53,'Brazil'),(89,'British Indian Ocean Territory (Chagos Archipelago)'),(39,'Burkina Faso'),(56,'Cameroon'),(26,'Cape Verde'),(3,'Chad'),(72,'Chile'),(41,'Christmas Island'),(91,'Colombia'),(97,'Comoros'),(38,'Cuba'),(51,'Dominica'),(12,'Ecuador'),(82,'El Salvador'),(5,'Equatorial Guinea'),(66,'Ethiopia'),(84,'French Southern Territories'),(88,'Gabon'),(93,'Germany'),(17,'Gibraltar'),(45,'Greece'),(30,'Greenland'),(73,'Guadeloupe'),(65,'Guyana'),(55,'Heard Island and McDonald Islands'),(69,'Iceland'),(29,'Iraq'),(10,'Italy'),(79,'Japan'),(14,'Jersey'),(74,'Jordan'),(94,'Korea'),(18,'Kuwait'),(54,'Lao People\'s Democratic Republic'),(86,'Liberia'),(43,'Luxembourg'),(4,'Macao'),(20,'Macedonia'),(24,'Malawi'),(99,'Mayotte'),(31,'Mexico'),(57,'Micronesia'),(98,'Monaco'),(70,'Nauru'),(83,'New Zealand'),(63,'Nicaragua'),(64,'Nigeria'),(21,'Niue'),(34,'Norfolk Island'),(6,'Palau'),(58,'Palestinian Territory'),(40,'Papua New Guinea'),(47,'Paraguay'),(25,'Peru'),(1,'Puerto Rico'),(76,'Qatar'),(37,'Russian Federation'),(16,'Rwanda'),(59,'Saint Helena'),(23,'Saint Lucia'),(49,'Saint Pierre and Miquelon'),(75,'Samoa'),(62,'San Marino'),(19,'Sao Tome and Principe'),(8,'Saudi Arabia'),(2,'Slovakia (Slovak Republic)'),(46,'Solomon Islands'),(85,'South Africa'),(71,'Spain'),(44,'Sudan'),(48,'Suriname'),(13,'Swaziland'),(50,'Switzerland'),(81,'Taiwan'),(52,'Tanzania'),(27,'Timor-Leste'),(36,'Tokelau'),(90,'Tonga'),(28,'Trinidad and Tobago'),(7,'Tunisia'),(68,'Turkmenistan'),(35,'Tuvalu'),(42,'Ukraine'),(22,'United Kingdom'),(100,'United States of America'),(61,'United States Virgin Islands'),(87,'Uruguay'),(33,'Vanuatu'),(95,'Wallis and Futuna'),(11,'Western Sahara'),(9,'Yemen');
/*!40000 ALTER TABLE `countries` ENABLE KEYS */;
UNLOCK TABLES;

--
-- Table structure for table `friendship`
--

DROP TABLE IF EXISTS `friendship`;
/*!40101 SET @saved_cs_client     = @@character_set_client */;
/*!50503 SET character_set_client = utf8mb4 */;
CREATE TABLE `friendship` (
  `user_id` int unsigned NOT NULL COMMENT '╨б╤Б╤Л╨╗╨║╨░ ╨╜╨░ ╨╕╨╜╨╕╤Ж╨╕╨░╤В╨╛╤А╨░ ╨┤╤А╤Г╨╢╨╡╤Б╨║╨╕╤Е ╨╛╤В╨╜╨╛╤И╨╡╨╜╨╕╨╣',
  `friend_id` int unsigned NOT NULL COMMENT '╨б╤Б╤Л╨╗╨║╨░ ╨╜╨░ ╨┐╨╛╨╗╤Г╤З╨░╤В╨╡╨╗╤П ╨┐╤А╨╕╨│╨╗╨░╤И╨╡╨╜╨╕╤П ╨┤╤А╤Г╨╢╨╕╤В╤М',
  `friendship_status_id` int unsigned NOT NULL COMMENT '╨б╤Б╤Л╨╗╨║╨░ ╨╜╨░ ╤Б╤В╨░╤В╤Г╤Б (╤В╨╡╨║╤Г╤Й╨╡╨╡ ╤Б╨╛╤Б╤В╨╛╤П╨╜╨╕╨╡) ╨╛╤В╨╜╨╛╤И╨╡╨╜╨╕╨╣',
  `confirmed_at` datetime DEFAULT NULL COMMENT '╨Т╤А╨╡╨╝╤П ╨┐╨╛╨┤╤В╨▓╨╡╤А╨╢╨┤╨╡╨╜╨╕╤П ╨┐╤А╨╕╨│╨╗╨░╤И╨╡╨╜╨╕╤П',
  `created_at` datetime DEFAULT CURRENT_TIMESTAMP COMMENT '╨Т╤А╨╡╨╝╤П ╤Б╨╛╨╖╨┤╨░╨╜╨╕╤П ╤Б╤В╤А╨╛╨║╨╕',
  `updated_at` datetime DEFAULT CURRENT_TIMESTAMP ON UPDATE CURRENT_TIMESTAMP COMMENT '╨Т╤А╨╡╨╝╤П ╨╛╨▒╨╜╨╛╨▓╨╗╨╡╨╜╨╕╤П ╤Б╤В╤А╨╛╨║╨╕',
  PRIMARY KEY (`user_id`,`friend_id`) COMMENT '╨б╨╛╤Б╤В╨░╨▓╨╜╨╛╨╣ ╨┐╨╡╤А╨▓╨╕╤З╨╜╤Л╨╣ ╨║╨╗╤О╤З',
  KEY `friendship_friendship_status_id_fk` (`friendship_status_id`),
  CONSTRAINT `friendship_friendship_status_id_fk` FOREIGN KEY (`friendship_status_id`) REFERENCES `friendship_statuses` (`id`) ON DELETE RESTRICT,
  CONSTRAINT `friendship_user1_fk` FOREIGN KEY (`user_id`) REFERENCES `users` (`id`) ON DELETE CASCADE,
  CONSTRAINT `friendship_user2_fk` FOREIGN KEY (`user_id`) REFERENCES `users` (`id`) ON DELETE CASCADE,
  CONSTRAINT `likes_user_id_fk` FOREIGN KEY (`user_id`) REFERENCES `users` (`id`) ON DELETE CASCADE
) ENGINE=InnoDB DEFAULT CHARSET=utf8mb4 COLLATE=utf8mb4_unicode_ci COMMENT='╨в╨░╨▒╨╗╨╕╤Ж╨░ ╨┤╤А╤Г╨╢╨▒╤Л';
/*!40101 SET character_set_client = @saved_cs_client */;

--
-- Dumping data for table `friendship`
--

LOCK TABLES `friendship` WRITE;
/*!40000 ALTER TABLE `friendship` DISABLE KEYS */;
INSERT INTO `friendship` VALUES (1,78,2,'2012-11-20 08:36:39','2019-12-29 19:35:19','2021-05-05 22:10:55'),(2,22,3,'2019-10-30 10:47:49','2021-03-05 09:52:45','2021-05-05 22:10:55'),(2,66,2,'2018-07-19 08:00:56','2013-02-26 09:46:44','2021-05-05 21:45:03'),(3,83,2,'2013-09-20 14:25:10','2020-01-03 11:33:56','2021-05-05 21:45:03'),(4,30,2,'2017-01-20 07:51:46','2020-07-05 03:29:20','2021-05-05 21:45:03'),(4,80,1,'2017-11-02 16:09:53','2019-06-27 23:44:30','2021-05-05 22:10:55'),(5,64,1,'2020-04-22 19:10:47','2014-09-04 08:48:38','2021-05-05 21:45:03'),(5,73,1,'2017-10-27 20:39:29','2014-09-01 00:52:09','2021-05-05 21:45:03'),(5,90,1,'2017-01-02 02:59:01','2012-07-13 10:23:22','2021-05-05 21:45:03'),(6,44,2,'2016-06-11 20:08:31','2017-07-26 11:34:49','2021-05-05 22:10:55'),(6,91,2,'2016-06-06 21:31:58','2013-12-02 13:38:19','2021-05-05 22:10:55'),(6,94,1,'2016-06-10 18:46:53','2013-02-07 10:11:30','2021-05-05 22:10:55'),(7,48,2,'2018-07-20 07:03:12','2014-09-08 16:56:19','2021-05-05 21:45:03'),(8,40,1,'2020-07-13 17:17:23','2012-08-29 20:41:20','2021-05-05 22:10:55'),(9,46,1,'2020-12-02 11:55:49','2021-02-12 18:35:40','2021-05-05 22:10:55'),(12,80,3,'2020-01-11 03:57:16','2020-05-24 03:01:15','2021-05-05 22:10:55'),(16,45,1,'2013-05-20 18:39:54','2018-02-03 17:07:21','2021-05-05 22:10:55'),(16,54,3,'2014-04-14 22:37:50','2020-12-21 01:03:10','2021-05-05 22:10:55'),(17,34,3,'2020-02-13 09:39:49','2015-07-21 23:25:39','2021-05-05 22:10:55'),(17,82,1,'2015-03-31 18:26:01','2012-08-15 23:37:27','2021-05-05 22:10:55'),(18,45,1,'2020-05-27 12:09:17','2013-02-03 01:59:13','2021-05-05 21:45:03'),(21,42,3,'2014-11-07 12:05:34','2019-10-24 04:46:49','2021-05-05 22:10:55'),(23,17,3,'2013-08-07 02:07:58','2016-11-29 11:41:30','2021-05-05 22:10:55'),(24,80,2,'2015-02-01 11:21:42','2014-03-09 15:05:37','2021-05-05 21:45:03'),(25,5,3,'2015-12-12 22:56:36','2013-03-16 14:57:37','2021-05-05 22:10:55'),(25,81,2,'2017-11-22 23:49:07','2016-08-24 11:38:06','2021-05-05 22:10:55'),(26,53,1,'2015-08-19 10:07:29','2013-07-28 03:15:18','2021-05-05 22:10:55'),(26,92,2,'2016-02-15 17:32:15','2011-05-16 10:06:23','2021-05-05 21:45:03'),(27,27,2,'2019-04-01 10:17:11','2012-09-19 10:50:00','2021-05-05 21:45:03'),(28,46,3,'2014-04-15 16:03:37','2018-12-10 12:56:26','2021-05-05 22:10:55'),(28,54,2,'2012-01-31 16:20:24','2012-06-23 16:32:53','2021-05-05 22:10:55'),(28,78,3,'2014-04-04 03:28:05','2014-11-26 23:28:24','2021-05-05 22:10:55'),(29,14,2,'2016-03-30 13:50:06','2013-01-28 18:19:20','2021-05-05 22:10:55'),(30,10,2,'2014-07-25 22:59:59','2018-06-10 14:49:20','2021-05-05 22:10:55'),(30,25,3,'2012-09-28 19:09:36','2012-10-03 01:11:49','2021-05-05 22:10:55'),(30,68,3,'2013-04-13 04:55:47','2012-11-17 13:23:37','2021-05-05 22:10:55'),(31,11,2,'2013-02-04 18:18:56','2020-02-07 10:11:05','2021-05-05 22:10:55'),(32,86,2,'2020-08-14 21:30:18','2013-02-18 02:45:06','2021-05-05 22:10:55'),(34,11,3,'2011-10-02 14:50:53','2018-09-16 15:51:26','2021-05-05 22:10:55'),(34,14,1,'2017-01-02 16:46:13','2018-05-15 18:57:00','2021-05-05 22:10:55'),(34,46,3,'2014-03-18 19:38:56','2013-10-08 00:48:01','2021-05-05 22:10:55'),(34,99,2,'2017-02-18 09:50:46','2014-07-28 03:04:53','2021-05-05 22:10:55'),(35,87,2,'2017-09-07 12:12:23','2013-06-17 12:09:03','2021-05-05 22:10:55'),(36,17,2,'2015-07-08 22:37:43','2015-12-14 12:32:55','2021-05-05 21:45:03'),(40,24,1,'2016-11-28 15:48:34','2011-11-03 04:28:53','2021-05-05 22:10:55'),(43,86,1,'2020-11-28 00:25:30','2013-02-27 21:01:51','2021-05-05 21:45:03'),(43,100,3,'2019-10-27 22:22:38','2015-04-23 22:09:36','2021-05-05 22:10:55'),(44,81,2,'2014-02-28 06:02:28','2012-01-26 00:24:48','2021-05-05 22:10:55'),(47,9,3,'2016-08-01 05:42:54','2014-07-06 21:05:37','2021-05-05 22:10:55'),(47,11,3,'2017-03-24 19:02:57','2017-04-20 15:23:16','2021-05-05 22:10:55'),(47,29,1,'2012-04-28 17:37:03','2018-06-26 21:09:34','2021-05-05 21:45:03'),(49,30,1,'2012-05-24 21:40:42','2012-12-17 22:41:24','2021-05-05 21:45:03'),(51,22,2,'2021-04-08 05:38:05','2012-11-22 11:57:10','2021-05-05 22:10:55'),(52,77,1,'2021-03-06 11:09:35','2014-11-14 03:35:18','2021-05-05 21:45:03'),(52,87,2,'2015-06-06 19:24:08','2015-10-17 17:03:06','2021-05-05 22:10:55'),(53,46,1,'2014-10-18 14:07:14','2020-08-01 21:30:39','2021-05-05 21:45:03'),(54,86,2,'2017-03-22 23:05:24','2015-04-15 02:13:23','2021-05-05 21:45:03'),(55,95,2,'2015-05-21 14:06:50','2014-04-07 21:55:58','2021-05-05 22:10:55'),(56,14,2,'2019-09-10 10:26:46','2019-01-01 18:29:38','2021-05-05 22:10:55'),(57,79,2,'2016-02-27 11:56:51','2015-05-14 18:27:09','2021-05-05 22:10:55'),(58,43,3,'2017-01-29 16:07:01','2020-03-05 21:06:09','2021-05-05 22:10:55'),(59,42,2,'2016-09-05 12:14:20','2013-04-05 13:27:51','2021-05-05 21:45:03'),(59,80,3,'2014-07-15 20:33:46','2020-11-03 04:55:11','2021-05-05 22:10:55'),(60,68,2,'2019-03-05 16:02:33','2012-12-08 03:01:30','2021-05-05 21:45:03'),(62,3,3,'2019-08-28 08:59:47','2012-01-25 22:33:25','2021-05-05 22:10:55'),(63,7,2,'2012-06-18 11:50:55','2013-12-08 04:45:02','2021-05-05 21:45:03'),(63,72,1,'2019-02-25 16:51:39','2020-01-08 19:24:19','2021-05-05 22:10:55'),(63,79,1,'2017-12-25 12:39:36','2015-04-19 13:09:35','2021-05-05 21:45:03'),(63,100,2,'2016-10-05 23:21:51','2016-10-04 23:35:19','2021-05-05 21:45:03'),(64,97,3,'2013-04-15 03:09:34','2011-10-20 08:45:21','2021-05-05 22:10:55'),(64,100,3,'2011-05-22 18:00:56','2014-08-09 09:48:55','2021-05-05 22:10:55'),(66,71,1,'2014-02-27 16:15:09','2015-08-23 03:30:02','2021-05-05 22:10:55'),(66,90,3,'2011-05-09 16:07:37','2019-09-22 22:20:21','2021-05-05 22:10:55'),(68,8,3,'2018-08-21 16:37:59','2019-11-29 04:42:31','2021-05-05 22:10:55'),(69,6,3,'2019-03-08 06:58:05','2011-07-16 20:59:49','2021-05-05 22:10:55'),(70,39,1,'2018-12-30 21:56:14','2017-04-17 15:11:31','2021-05-05 22:10:55'),(71,52,2,'2018-04-21 23:08:38','2011-10-07 17:01:45','2021-05-05 22:10:55'),(72,38,1,'2014-02-16 22:01:07','2016-05-10 13:46:21','2021-05-05 22:10:55'),(72,44,1,'2012-02-26 06:23:45','2016-12-16 17:55:08','2021-05-05 21:45:03'),(74,27,2,'2016-04-09 10:46:21','2015-02-14 18:59:09','2021-05-05 22:10:55'),(74,51,3,'2016-07-17 14:13:50','2012-02-15 19:18:20','2021-05-05 22:10:55'),(77,32,1,'2011-12-05 21:54:48','2015-03-12 03:24:03','2021-05-05 22:10:55'),(78,54,2,'2013-02-04 00:10:03','2015-01-07 18:19:38','2021-05-05 21:45:03'),(81,41,1,'2014-11-26 20:25:22','2017-05-31 12:56:58','2021-05-05 22:10:55'),(82,68,2,'2020-02-13 20:03:38','2019-07-09 20:50:17','2021-05-05 21:45:03'),(82,95,3,'2013-11-04 07:57:21','2013-10-04 07:14:59','2021-05-05 22:10:55'),(83,2,1,'2011-11-17 06:50:12','2018-05-11 00:49:52','2021-05-05 22:10:55'),(83,39,3,'2018-03-10 13:14:48','2011-07-09 00:16:03','2021-05-05 22:10:55'),(85,62,2,'2019-04-25 22:17:12','2016-09-22 04:29:02','2021-05-05 21:45:03'),(87,76,1,'2017-05-08 00:19:15','2020-08-21 04:00:40','2021-05-05 21:45:03'),(89,8,2,'2011-05-27 11:42:50','2016-05-24 06:54:35','2021-05-05 21:45:03'),(90,7,1,'2018-03-22 01:42:39','2012-06-28 11:53:51','2021-05-05 22:10:55'),(90,59,1,'2015-12-03 10:32:23','2014-11-19 15:17:40','2021-05-05 22:10:55'),(91,61,2,'2018-02-26 13:21:24','2015-03-22 04:24:47','2021-05-05 21:45:03'),(95,68,3,'2013-06-15 20:29:18','2018-10-06 18:47:52','2021-05-05 22:10:55'),(98,20,3,'2018-04-09 23:54:12','2012-09-26 22:31:52','2021-05-05 22:10:55'),(98,72,3,'2019-12-25 09:16:17','2017-09-06 03:34:20','2021-05-05 22:10:55'),(99,51,3,'2019-05-23 02:55:53','2013-02-07 04:44:49','2021-05-05 22:10:55'),(100,37,2,'2012-05-14 17:55:50','2013-02-18 00:27:36','2021-05-05 22:10:55'),(100,40,3,'2013-01-29 06:38:24','2018-01-02 08:27:48','2021-05-05 22:10:55');
/*!40000 ALTER TABLE `friendship` ENABLE KEYS */;
UNLOCK TABLES;

--
-- Table structure for table `friendship_statuses`
--

DROP TABLE IF EXISTS `friendship_statuses`;
/*!40101 SET @saved_cs_client     = @@character_set_client */;
/*!50503 SET character_set_client = utf8mb4 */;
CREATE TABLE `friendship_statuses` (
  `id` int unsigned NOT NULL AUTO_INCREMENT COMMENT '╨Ш╨┤╨╡╨╜╤В╨╕╤Д╨╕╨║╨░╤В╨╛╤А ╤Б╤В╤А╨╛╨║╨╕',
  `name` varchar(255) CHARACTER SET utf8mb4 COLLATE utf8mb4_unicode_ci NOT NULL COMMENT '╨Э╨░╨╖╨▓╨░╨╜╨╕╨╡ ╤Б╤В╨░╤В╤Г╤Б╨░',
  `created_at` datetime DEFAULT CURRENT_TIMESTAMP COMMENT '╨Т╤А╨╡╨╝╤П ╤Б╨╛╨╖╨┤╨░╨╜╨╕╤П ╤Б╤В╤А╨╛╨║╨╕',
  `updated_at` datetime DEFAULT CURRENT_TIMESTAMP ON UPDATE CURRENT_TIMESTAMP COMMENT '╨Т╤А╨╡╨╝╤П ╨╛╨▒╨╜╨╛╨▓╨╗╨╡╨╜╨╕╤П ╤Б╤В╤А╨╛╨║╨╕',
  PRIMARY KEY (`id`),
  UNIQUE KEY `name` (`name`)
) ENGINE=InnoDB AUTO_INCREMENT=4 DEFAULT CHARSET=utf8mb4 COLLATE=utf8mb4_unicode_ci COMMENT='╨б╤В╨░╤В╤Г╤Б╤Л ╨┤╤А╤Г╨╢╨▒╤Л';
/*!40101 SET character_set_client = @saved_cs_client */;

--
-- Dumping data for table `friendship_statuses`
--

LOCK TABLES `friendship_statuses` WRITE;
/*!40000 ALTER TABLE `friendship_statuses` DISABLE KEYS */;
INSERT INTO `friendship_statuses` VALUES (1,'Requested','2021-05-05 22:00:40','2021-05-05 22:00:40'),(2,'Confirmed','2021-05-05 22:00:40','2021-05-05 22:00:40'),(3,'Rejected','2021-05-05 22:00:40','2021-05-05 22:00:40');
/*!40000 ALTER TABLE `friendship_statuses` ENABLE KEYS */;
UNLOCK TABLES;

--
-- Table structure for table `likes`
--

DROP TABLE IF EXISTS `likes`;
/*!40101 SET @saved_cs_client     = @@character_set_client */;
/*!50503 SET character_set_client = utf8mb4 */;
CREATE TABLE `likes` (
  `id` int unsigned NOT NULL AUTO_INCREMENT,
  `user_id` int unsigned NOT NULL,
  `target_id` int unsigned NOT NULL,
  `target_type` enum('messages','users','posts','media') NOT NULL,
  `created_at` datetime DEFAULT CURRENT_TIMESTAMP,
  PRIMARY KEY (`id`),
  KEY `likes_target_id_fk` (`user_id`),
  CONSTRAINT `likes_target_id_fk` FOREIGN KEY (`user_id`) REFERENCES `users` (`id`) ON DELETE CASCADE
) ENGINE=InnoDB AUTO_INCREMENT=101 DEFAULT CHARSET=utf8mb4 COLLATE=utf8mb4_0900_ai_ci;
/*!40101 SET character_set_client = @saved_cs_client */;

--
-- Dumping data for table `likes`
--

LOCK TABLES `likes` WRITE;
/*!40000 ALTER TABLE `likes` DISABLE KEYS */;
INSERT INTO `likes` VALUES (1,94,87,'posts','2021-05-12 07:22:44'),(2,40,66,'media','2021-05-12 07:22:44'),(3,94,36,'users','2021-05-12 07:22:44'),(4,86,74,'media','2021-05-12 07:22:44'),(5,25,58,'media','2021-05-12 07:22:44'),(6,59,75,'posts','2021-05-12 07:22:44'),(7,58,14,'messages','2021-05-12 07:22:44'),(8,61,52,'messages','2021-05-12 07:22:44'),(9,42,1,'users','2021-05-12 07:22:44'),(10,2,78,'users','2021-05-12 07:22:44'),(11,6,75,'users','2021-05-12 07:22:44'),(12,86,80,'media','2021-05-12 07:22:44'),(13,64,22,'messages','2021-05-12 07:22:44'),(14,29,30,'posts','2021-05-12 07:22:44'),(15,54,47,'users','2021-05-12 07:22:44'),(16,6,98,'users','2021-05-12 07:22:44'),(17,8,74,'messages','2021-05-12 07:22:44'),(18,70,71,'messages','2021-05-12 07:22:44'),(19,41,76,'messages','2021-05-12 07:22:44'),(20,1,41,'users','2021-05-12 07:22:44'),(21,43,21,'messages','2021-05-12 07:22:44'),(22,55,55,'media','2021-05-12 07:22:44'),(23,82,42,'posts','2021-05-12 07:22:44'),(24,19,59,'users','2021-05-12 07:22:44'),(25,7,7,'posts','2021-05-12 07:22:44'),(26,75,38,'messages','2021-05-12 07:22:44'),(27,95,93,'messages','2021-05-12 07:22:44'),(28,26,35,'users','2021-05-12 07:22:44'),(29,9,80,'messages','2021-05-12 07:22:44'),(30,31,34,'users','2021-05-12 07:22:44'),(31,37,78,'users','2021-05-12 07:22:44'),(32,96,67,'posts','2021-05-12 07:22:44'),(33,49,50,'media','2021-05-12 07:22:44'),(34,59,91,'messages','2021-05-12 07:22:44'),(35,28,22,'media','2021-05-12 07:22:44'),(36,16,19,'users','2021-05-12 07:22:44'),(37,46,70,'media','2021-05-12 07:22:44'),(38,64,90,'messages','2021-05-12 07:22:44'),(39,52,15,'media','2021-05-12 07:22:44'),(40,79,57,'posts','2021-05-12 07:22:44'),(41,76,91,'posts','2021-05-12 07:22:44'),(42,31,29,'users','2021-05-12 07:22:44'),(43,35,20,'posts','2021-05-12 07:22:44'),(44,21,36,'users','2021-05-12 07:22:44'),(45,77,53,'messages','2021-05-12 07:22:44'),(46,99,58,'posts','2021-05-12 07:22:44'),(47,12,4,'users','2021-05-12 07:22:44'),(48,16,56,'media','2021-05-12 07:22:44'),(49,20,31,'posts','2021-05-12 07:22:44'),(50,78,52,'posts','2021-05-12 07:22:44'),(51,17,88,'posts','2021-05-12 07:22:44'),(52,3,35,'messages','2021-05-12 07:22:44'),(53,21,24,'messages','2021-05-12 07:22:44'),(54,87,88,'messages','2021-05-12 07:22:44'),(55,15,16,'messages','2021-05-12 07:22:44'),(56,24,29,'posts','2021-05-12 07:22:44'),(57,92,67,'users','2021-05-12 07:22:44'),(58,38,77,'messages','2021-05-12 07:22:44'),(59,20,13,'media','2021-05-12 07:22:44'),(60,66,97,'posts','2021-05-12 07:22:44'),(61,24,42,'users','2021-05-12 07:22:44'),(62,89,10,'posts','2021-05-12 07:22:44'),(63,17,62,'posts','2021-05-12 07:22:44'),(64,3,1,'posts','2021-05-12 07:22:44'),(65,18,31,'users','2021-05-12 07:22:44'),(66,65,21,'users','2021-05-12 07:22:44'),(67,9,32,'media','2021-05-12 07:22:44'),(68,70,50,'posts','2021-05-12 07:22:44'),(69,79,74,'posts','2021-05-12 07:22:44'),(70,98,10,'users','2021-05-12 07:22:44'),(71,33,59,'posts','2021-05-12 07:22:44'),(72,55,69,'users','2021-05-12 07:22:44'),(73,40,94,'posts','2021-05-12 07:22:44'),(74,95,39,'media','2021-05-12 07:22:44'),(75,18,28,'posts','2021-05-12 07:22:44'),(76,55,31,'posts','2021-05-12 07:22:44'),(77,47,62,'posts','2021-05-12 07:22:44'),(78,72,82,'messages','2021-05-12 07:22:44'),(79,56,79,'media','2021-05-12 07:22:44'),(80,44,3,'messages','2021-05-12 07:22:44'),(81,32,19,'messages','2021-05-12 07:22:44'),(82,39,77,'posts','2021-05-12 07:22:44'),(83,50,15,'posts','2021-05-12 07:22:44'),(84,99,55,'messages','2021-05-12 07:22:44'),(85,33,15,'users','2021-05-12 07:22:44'),(86,89,36,'media','2021-05-12 07:22:44'),(87,64,75,'users','2021-05-12 07:22:44'),(88,8,2,'messages','2021-05-12 07:22:44'),(89,92,38,'media','2021-05-12 07:22:44'),(90,96,70,'media','2021-05-12 07:22:44'),(91,2,61,'messages','2021-05-12 07:22:44'),(92,21,49,'users','2021-05-12 07:22:44'),(93,77,90,'messages','2021-05-12 07:22:44'),(94,16,85,'messages','2021-05-12 07:22:44'),(95,55,6,'messages','2021-05-12 07:22:44'),(96,41,39,'users','2021-05-12 07:22:44'),(97,80,98,'posts','2021-05-12 07:22:44'),(98,53,65,'messages','2021-05-12 07:22:44'),(99,99,34,'users','2021-05-12 07:22:44'),(100,50,23,'users','2021-05-12 07:22:44');
/*!40000 ALTER TABLE `likes` ENABLE KEYS */;
UNLOCK TABLES;

--
-- Table structure for table `media`
--

DROP TABLE IF EXISTS `media`;
/*!40101 SET @saved_cs_client     = @@character_set_client */;
/*!50503 SET character_set_client = utf8mb4 */;
CREATE TABLE `media` (
  `id` int unsigned NOT NULL AUTO_INCREMENT COMMENT '╨Ш╨┤╨╡╨╜╤В╨╕╤Д╨╕╨║╨░╤В╨╛╤А ╤Б╤В╤А╨╛╨║╨╕',
  `user_id` int unsigned NOT NULL COMMENT '╨б╤Б╤Л╨╗╨║╨░ ╨╜╨░ ╨┐╨╛╨╗╤М╨╖╨╛╨▓╨░╤В╨╡╨╗╤П, ╨║╨╛╤В╨╛╤А╤Л╨╣ ╨╖╨░╨│╤А╤Г╨╖╨╕╨╗ ╤Д╨░╨╣╨╗',
  `filename` varchar(255) CHARACTER SET utf8mb4 COLLATE utf8mb4_unicode_ci NOT NULL COMMENT '╨Я╤Г╤В╤М ╨║ ╤Д╨░╨╣╨╗╤Г',
  `size` int NOT NULL COMMENT '╨а╨░╨╖╨╝╨╡╤А ╤Д╨░╨╣╨╗╨░',
  `metadata` json DEFAULT NULL,
  `media_type_id` int unsigned NOT NULL COMMENT '╨б╤Б╤Л╨╗╨║╨░ ╨╜╨░ ╤В╨╕╨┐ ╨║╨╛╨╜╤В╨╡╨╜╤В╨░',
  `created_at` datetime DEFAULT CURRENT_TIMESTAMP COMMENT '╨Т╤А╨╡╨╝╤П ╤Б╨╛╨╖╨┤╨░╨╜╨╕╤П ╤Б╤В╤А╨╛╨║╨╕',
  `updated_at` datetime DEFAULT CURRENT_TIMESTAMP ON UPDATE CURRENT_TIMESTAMP COMMENT '╨Т╤А╨╡╨╝╤П ╨╛╨▒╨╜╨╛╨▓╨╗╨╡╨╜╨╕╤П ╤Б╤В╤А╨╛╨║╨╕',
  PRIMARY KEY (`id`),
  KEY `mediaa_type_id_fk` (`media_type_id`),
  KEY `community_users_user_id_fk` (`user_id`),
  CONSTRAINT `media_user_id_fk` FOREIGN KEY (`user_id`) REFERENCES `users` (`id`) ON DELETE CASCADE,
  CONSTRAINT `mediaa_type_id_fk` FOREIGN KEY (`media_type_id`) REFERENCES `media_types` (`id`) ON DELETE RESTRICT,
  CONSTRAINT `media_chk_1` CHECK (json_valid(`metadata`))
) ENGINE=InnoDB AUTO_INCREMENT=101 DEFAULT CHARSET=utf8mb4 COLLATE=utf8mb4_unicode_ci COMMENT='╨Ь╨╡╨┤╨╕╨░╤Д╨░╨╣╨╗╤Л';
/*!40101 SET character_set_client = @saved_cs_client */;

--
-- Dumping data for table `media`
--

LOCK TABLES `media` WRITE;
/*!40000 ALTER TABLE `media` DISABLE KEYS */;
INSERT INTO `media` VALUES (1,100,'http://dropbox.net/vk/http://dropbox.net/vk/et.avi',322636,'{\"owner\": \"Cesar Harvey\"}',3,'2017-09-24 23:25:22','2021-05-05 21:42:17'),(2,88,'http://dropbox.net/vk/http://dropbox.net/vk/ducimus.mp3',286561,'{\"owner\": \"Gwendolyn Balistreri\"}',2,'2013-03-01 09:58:14','2021-05-05 21:29:31'),(3,84,'http://dropbox.net/vk/http://dropbox.net/vk/tempore.mp3',454899,'{\"owner\": \"Frieda Bechtelar\"}',3,'2021-04-02 19:45:40','2021-05-05 21:29:31'),(4,46,'http://dropbox.net/vk/http://dropbox.net/vk/laudantium.mp3',404809,'{\"owner\": \"Deshaun Hansen\"}',2,'2019-05-09 01:18:59','2021-05-05 21:29:31'),(5,36,'http://dropbox.net/vk/http://dropbox.net/vk/commodi.png',649351,'{\"owner\": \"Alan Swaniawski\"}',2,'2019-06-20 04:13:49','2021-05-05 21:42:17'),(6,98,'http://dropbox.net/vk/http://dropbox.net/vk/est.mp4',22328,'{\"owner\": \"Patsy Turcotte\"}',3,'2013-12-25 18:12:22','2021-05-05 21:42:17'),(7,87,'http://dropbox.net/vk/http://dropbox.net/vk/repellendus.png',153589,'{\"owner\": \"Regan Fadel\"}',2,'2021-01-27 19:02:12','2021-05-05 21:42:17'),(8,64,'http://dropbox.net/vk/http://dropbox.net/vk/quo.jpeg',690960,'{\"owner\": \"Angie Champlin\"}',1,'2018-06-15 11:27:33','2021-05-05 21:29:31'),(9,20,'http://dropbox.net/vk/http://dropbox.net/vk/non.png',984034,'{\"owner\": \"Filomena Schuster\"}',1,'2017-12-18 04:29:56','2021-05-05 21:42:17'),(10,100,'http://dropbox.net/vk/http://dropbox.net/vk/illo.jpeg',837290,'{\"owner\": \"Cesar Harvey\"}',2,'2011-11-15 23:50:10','2021-05-05 21:42:17'),(11,2,'http://dropbox.net/vk/http://dropbox.net/vk/ad.png',224350,'{\"owner\": \"Liana Bosco\"}',2,'2014-12-27 13:19:56','2021-05-05 21:42:17'),(12,52,'http://dropbox.net/vk/http://dropbox.net/vk/nesciunt.jpeg',599879,'{\"owner\": \"Braeden Wilderman\"}',3,'2014-09-23 21:28:15','2021-05-05 21:29:31'),(13,86,'http://dropbox.net/vk/http://dropbox.net/vk/ut.mp3',316345,'{\"owner\": \"Gerhard Boyer\"}',1,'2011-09-23 03:04:39','2021-05-05 21:42:17'),(14,63,'http://dropbox.net/vk/http://dropbox.net/vk/id.png',772087,'{\"owner\": \"Hailee Tillman\"}',2,'2011-05-11 02:45:17','2021-05-05 21:29:31'),(15,43,'http://dropbox.net/vk/http://dropbox.net/vk/neque.png',901403,'{\"owner\": \"Henriette Wintheiser\"}',2,'2013-09-25 07:37:28','2021-05-05 21:29:31'),(16,27,'http://dropbox.net/vk/http://dropbox.net/vk/maxime.avi',180753,'{\"owner\": \"Lauretta Ortiz\"}',3,'2015-10-04 13:22:57','2021-05-05 21:42:17'),(17,59,'http://dropbox.net/vk/http://dropbox.net/vk/laudantium.jpeg',189558,'{\"owner\": \"Markus Cormier\"}',3,'2019-10-07 04:04:15','2021-05-05 21:42:17'),(18,85,'http://dropbox.net/vk/http://dropbox.net/vk/unde.png',395531,'{\"owner\": \"Jaylen Miller\"}',1,'2014-07-27 14:20:39','2021-05-05 21:42:17'),(19,86,'http://dropbox.net/vk/http://dropbox.net/vk/explicabo.png',398981,'{\"owner\": \"Gerhard Boyer\"}',1,'2018-06-20 01:24:58','2021-05-05 21:42:17'),(20,70,'http://dropbox.net/vk/http://dropbox.net/vk/voluptatem.mp3',798312,'{\"owner\": \"Anahi Dibbert\"}',3,'2016-10-15 05:29:24','2021-05-05 21:42:17'),(21,26,'http://dropbox.net/vk/http://dropbox.net/vk/ea.mp4',784617,'{\"owner\": \"Howell Witting\"}',2,'2015-12-23 04:16:27','2021-05-05 21:42:17'),(22,7,'http://dropbox.net/vk/http://dropbox.net/vk/consequuntur.png',518150,'{\"owner\": \"Deja Stroman\"}',1,'2016-02-26 06:38:01','2021-05-05 21:29:31'),(23,88,'http://dropbox.net/vk/http://dropbox.net/vk/omnis.png',226902,'{\"owner\": \"Gwendolyn Balistreri\"}',3,'2019-12-01 23:51:53','2021-05-05 21:29:31'),(24,34,'http://dropbox.net/vk/http://dropbox.net/vk/repellendus.mp4',570057,'{\"owner\": \"Jess Hills\"}',2,'2016-05-30 05:18:23','2021-05-05 21:42:17'),(25,43,'http://dropbox.net/vk/http://dropbox.net/vk/quisquam.png',159582,'{\"owner\": \"Henriette Wintheiser\"}',2,'2011-09-14 21:24:04','2021-05-05 21:29:31'),(26,11,'http://dropbox.net/vk/http://dropbox.net/vk/recusandae.mp3',77737,'{\"owner\": \"Terence Beahan\"}',1,'2012-09-26 12:59:22','2021-05-05 21:42:17'),(27,10,'http://dropbox.net/vk/http://dropbox.net/vk/sint.avi',899941,'{\"owner\": \"Jefferey Reinger\"}',1,'2015-06-05 01:49:05','2021-05-05 21:42:17'),(28,14,'http://dropbox.net/vk/http://dropbox.net/vk/consequuntur.jpeg',256494,'{\"owner\": \"Brant Sanford\"}',1,'2012-09-04 13:11:46','2021-05-05 21:42:17'),(29,51,'http://dropbox.net/vk/http://dropbox.net/vk/vero.mp4',572647,'{\"owner\": \"Zachariah Hauck\"}',2,'2014-07-28 23:18:59','2021-05-05 21:42:17'),(30,35,'http://dropbox.net/vk/http://dropbox.net/vk/labore.png',83754,'{\"owner\": \"Summer Quigley\"}',2,'2011-12-24 16:24:32','2021-05-05 21:42:17'),(31,4,'http://dropbox.net/vk/http://dropbox.net/vk/similique.mp3',690829,'{\"owner\": \"Laurel Doyle\"}',3,'2011-11-10 20:19:41','2021-05-05 21:29:31'),(32,36,'http://dropbox.net/vk/http://dropbox.net/vk/molestiae.mp3',192885,'{\"owner\": \"Alan Swaniawski\"}',2,'2014-07-20 08:38:14','2021-05-05 21:42:17'),(33,75,'http://dropbox.net/vk/http://dropbox.net/vk/sequi.jpeg',881938,'{\"owner\": \"Kiana Schoen\"}',2,'2019-06-27 16:06:59','2021-05-05 21:42:17'),(34,5,'http://dropbox.net/vk/http://dropbox.net/vk/voluptatibus.png',821035,'{\"owner\": \"Vance Cartwright\"}',1,'2011-07-23 14:53:02','2021-05-05 21:42:17'),(35,50,'http://dropbox.net/vk/http://dropbox.net/vk/modi.mp3',449364,'{\"owner\": \"Tia Ferry\"}',2,'2016-11-15 00:51:04','2021-05-05 21:42:17'),(36,82,'http://dropbox.net/vk/http://dropbox.net/vk/et.jpeg',773714,'{\"owner\": \"Alison Fadel\"}',1,'2018-07-24 18:45:26','2021-05-05 21:42:17'),(37,42,'http://dropbox.net/vk/http://dropbox.net/vk/ut.png',510478,'{\"owner\": \"Maximilian Reichert\"}',3,'2012-02-12 02:42:19','2021-05-05 21:42:17'),(38,88,'http://dropbox.net/vk/http://dropbox.net/vk/saepe.jpeg',221247,'{\"owner\": \"Gwendolyn Balistreri\"}',3,'2020-04-01 07:00:20','2021-05-05 21:42:17'),(39,58,'http://dropbox.net/vk/http://dropbox.net/vk/nam.mp4',564802,'{\"owner\": \"Brandi Hermann\"}',1,'2020-04-10 13:18:23','2021-05-05 21:29:31'),(40,36,'http://dropbox.net/vk/http://dropbox.net/vk/enim.mp3',150270,'{\"owner\": \"Alan Swaniawski\"}',3,'2017-07-07 10:55:27','2021-05-05 21:42:17'),(41,54,'http://dropbox.net/vk/http://dropbox.net/vk/sed.png',46944,'{\"owner\": \"Bertram Marquardt\"}',2,'2020-11-24 21:14:52','2021-05-05 21:29:31'),(42,45,'http://dropbox.net/vk/http://dropbox.net/vk/suscipit.mp4',773910,'{\"owner\": \"Karelle Lebsack\"}',2,'2016-04-26 17:26:05','2021-05-05 21:42:17'),(43,9,'http://dropbox.net/vk/http://dropbox.net/vk/ratione.jpeg',718718,'{\"owner\": \"Helen Trantow\"}',1,'2021-04-16 03:58:05','2021-05-05 21:42:17'),(44,58,'http://dropbox.net/vk/http://dropbox.net/vk/voluptates.avi',261862,'{\"owner\": \"Brandi Hermann\"}',2,'2015-02-12 05:33:32','2021-05-05 21:42:17'),(45,34,'http://dropbox.net/vk/http://dropbox.net/vk/eos.mp3',143156,'{\"owner\": \"Jess Hills\"}',1,'2021-03-07 00:43:55','2021-05-05 21:42:17'),(46,53,'http://dropbox.net/vk/http://dropbox.net/vk/dolor.mp3',920196,'{\"owner\": \"Kenyon Kozey\"}',2,'2015-02-03 18:47:53','2021-05-05 21:29:31'),(47,53,'http://dropbox.net/vk/http://dropbox.net/vk/quaerat.mp4',161510,'{\"owner\": \"Kenyon Kozey\"}',1,'2017-05-17 01:42:58','2021-05-05 21:42:17'),(48,100,'http://dropbox.net/vk/http://dropbox.net/vk/quod.jpeg',36966,'{\"owner\": \"Cesar Harvey\"}',2,'2021-04-28 14:09:45','2021-05-05 21:29:31'),(49,8,'http://dropbox.net/vk/http://dropbox.net/vk/error.avi',690297,'{\"owner\": \"Wallace McDermott\"}',1,'2019-03-09 06:26:59','2021-05-05 21:29:31'),(50,88,'http://dropbox.net/vk/http://dropbox.net/vk/aperiam.mp4',330588,'{\"owner\": \"Gwendolyn Balistreri\"}',2,'2018-05-06 22:30:56','2021-05-05 21:42:17'),(51,79,'http://dropbox.net/vk/http://dropbox.net/vk/quod.png',572051,'{\"owner\": \"Josiah Ritchie\"}',1,'2011-05-11 14:44:00','2021-05-05 21:42:17'),(52,34,'http://dropbox.net/vk/http://dropbox.net/vk/quia.png',858492,'{\"owner\": \"Jess Hills\"}',3,'2012-05-17 05:24:19','2021-05-05 21:42:17'),(53,57,'http://dropbox.net/vk/http://dropbox.net/vk/eius.jpeg',566309,'{\"owner\": \"Rocio Monahan\"}',1,'2013-05-27 13:03:30','2021-05-05 21:29:31'),(54,50,'http://dropbox.net/vk/http://dropbox.net/vk/voluptate.mp3',246067,'{\"owner\": \"Tia Ferry\"}',3,'2014-06-05 17:44:03','2021-05-05 21:42:17'),(55,42,'http://dropbox.net/vk/http://dropbox.net/vk/occaecati.avi',521410,'{\"owner\": \"Maximilian Reichert\"}',3,'2012-05-15 18:13:09','2021-05-05 21:42:17'),(56,14,'http://dropbox.net/vk/http://dropbox.net/vk/aut.avi',858848,'{\"owner\": \"Brant Sanford\"}',1,'2012-03-20 03:42:44','2021-05-05 21:42:17'),(57,32,'http://dropbox.net/vk/http://dropbox.net/vk/quia.mp4',720011,'{\"owner\": \"Baylee Emmerich\"}',2,'2014-02-20 23:05:02','2021-05-05 21:42:17'),(58,58,'http://dropbox.net/vk/http://dropbox.net/vk/perferendis.png',13513,'{\"owner\": \"Brandi Hermann\"}',3,'2013-09-10 07:35:31','2021-05-05 21:42:17'),(59,16,'http://dropbox.net/vk/http://dropbox.net/vk/et.jpeg',897533,'{\"owner\": \"Leland Nader\"}',2,'2012-09-13 05:27:42','2021-05-05 21:42:17'),(60,100,'http://dropbox.net/vk/http://dropbox.net/vk/quo.mp4',437126,'{\"owner\": \"Cesar Harvey\"}',2,'2015-08-08 06:29:00','2021-05-05 21:29:31'),(61,6,'http://dropbox.net/vk/http://dropbox.net/vk/unde.png',483033,'{\"owner\": \"Dolores Moen\"}',1,'2020-01-23 03:51:53','2021-05-05 21:42:17'),(62,86,'http://dropbox.net/vk/http://dropbox.net/vk/quae.mp4',93785,'{\"owner\": \"Gerhard Boyer\"}',2,'2016-02-20 15:27:43','2021-05-05 21:42:17'),(63,41,'http://dropbox.net/vk/http://dropbox.net/vk/sit.mp3',1009829,'{\"owner\": \"Waino Crist\"}',1,'2017-06-26 00:03:00','2021-05-05 21:42:17'),(64,85,'http://dropbox.net/vk/http://dropbox.net/vk/placeat.mp3',757790,'{\"owner\": \"Jaylen Miller\"}',2,'2018-05-30 06:30:42','2021-05-05 21:29:31'),(65,90,'http://dropbox.net/vk/http://dropbox.net/vk/unde.mp3',749461,'{\"owner\": \"Danika Klocko\"}',3,'2016-12-01 08:13:01','2021-05-05 21:29:31'),(66,6,'http://dropbox.net/vk/http://dropbox.net/vk/similique.png',463938,'{\"owner\": \"Dolores Moen\"}',1,'2015-07-28 23:58:47','2021-05-05 21:42:17'),(67,41,'http://dropbox.net/vk/http://dropbox.net/vk/dicta.mp3',61305,'{\"owner\": \"Waino Crist\"}',1,'2018-09-26 11:40:55','2021-05-05 21:42:17'),(68,89,'http://dropbox.net/vk/http://dropbox.net/vk/saepe.mp4',904712,'{\"owner\": \"Dortha Stokes\"}',2,'2011-07-16 22:35:04','2021-05-05 21:42:17'),(69,59,'http://dropbox.net/vk/http://dropbox.net/vk/rerum.mp4',329646,'{\"owner\": \"Markus Cormier\"}',2,'2011-12-11 01:28:38','2021-05-05 21:29:31'),(70,11,'http://dropbox.net/vk/http://dropbox.net/vk/id.mp3',924094,'{\"owner\": \"Terence Beahan\"}',2,'2016-05-25 16:29:27','2021-05-05 21:42:17'),(71,24,'http://dropbox.net/vk/http://dropbox.net/vk/earum.mp4',621532,'{\"owner\": \"Tillman O\'Keefe\"}',2,'2012-06-17 08:41:56','2021-05-05 21:42:17'),(72,95,'http://dropbox.net/vk/http://dropbox.net/vk/voluptatibus.mp3',325381,'{\"owner\": \"Bernhard Kshlerin\"}',1,'2017-10-18 15:02:54','2021-05-05 21:42:17'),(73,82,'http://dropbox.net/vk/http://dropbox.net/vk/provident.mp4',752309,'{\"owner\": \"Alison Fadel\"}',1,'2021-02-12 09:32:41','2021-05-05 21:42:17'),(74,96,'http://dropbox.net/vk/http://dropbox.net/vk/et.mp3',775404,'{\"owner\": \"Lue Gerlach\"}',3,'2017-02-13 04:56:12','2021-05-05 21:42:17'),(75,66,'http://dropbox.net/vk/http://dropbox.net/vk/quia.mp4',610090,'{\"owner\": \"Estelle Murray\"}',1,'2019-12-26 21:51:38','2021-05-05 21:42:17'),(76,46,'http://dropbox.net/vk/http://dropbox.net/vk/dolorem.png',714241,'{\"owner\": \"Deshaun Hansen\"}',2,'2013-10-10 10:50:29','2021-05-05 21:42:17'),(77,48,'http://dropbox.net/vk/http://dropbox.net/vk/eius.png',730934,'{\"owner\": \"Delphine Zboncak\"}',3,'2014-02-25 14:24:57','2021-05-05 21:42:17'),(78,29,'http://dropbox.net/vk/http://dropbox.net/vk/esse.mp4',501950,'{\"owner\": \"Cesar Feest\"}',1,'2019-09-26 05:52:48','2021-05-05 21:42:17'),(79,16,'http://dropbox.net/vk/http://dropbox.net/vk/totam.mp3',306946,'{\"owner\": \"Leland Nader\"}',2,'2019-05-06 07:37:40','2021-05-05 21:42:17'),(80,35,'http://dropbox.net/vk/http://dropbox.net/vk/dignissimos.mp4',18883,'{\"owner\": \"Summer Quigley\"}',3,'2014-09-06 11:18:33','2021-05-05 21:42:17'),(81,86,'http://dropbox.net/vk/http://dropbox.net/vk/dolorum.avi',163575,'{\"owner\": \"Gerhard Boyer\"}',1,'2013-04-22 23:49:29','2021-05-05 21:42:17'),(82,74,'http://dropbox.net/vk/http://dropbox.net/vk/nulla.mp3',751229,'{\"owner\": \"Joseph Mohr\"}',1,'2015-11-29 12:56:12','2021-05-05 21:42:17'),(83,79,'http://dropbox.net/vk/http://dropbox.net/vk/debitis.mp4',255419,'{\"owner\": \"Josiah Ritchie\"}',3,'2012-04-15 04:11:28','2021-05-05 21:29:31'),(84,23,'http://dropbox.net/vk/http://dropbox.net/vk/est.mp3',13408,'{\"owner\": \"Brant Sawayn\"}',3,'2017-06-04 17:18:53','2021-05-05 21:42:17'),(85,1,'http://dropbox.net/vk/http://dropbox.net/vk/quia.jpeg',290785,'{\"owner\": \"Pete Abernathy\"}',3,'2011-06-02 06:23:15','2021-05-05 21:42:17'),(86,38,'http://dropbox.net/vk/http://dropbox.net/vk/aut.avi',403703,'{\"owner\": \"Lysanne Keeling\"}',2,'2015-12-20 19:09:59','2021-05-05 21:42:17'),(87,56,'http://dropbox.net/vk/http://dropbox.net/vk/adipisci.avi',136159,'{\"owner\": \"Francis Hahn\"}',2,'2013-07-23 03:09:33','2021-05-05 21:29:31'),(88,79,'http://dropbox.net/vk/http://dropbox.net/vk/exercitationem.mp3',459685,'{\"owner\": \"Josiah Ritchie\"}',1,'2012-01-31 20:21:48','2021-05-05 21:42:17'),(89,84,'http://dropbox.net/vk/http://dropbox.net/vk/veritatis.png',879952,'{\"owner\": \"Frieda Bechtelar\"}',3,'2019-12-29 00:53:52','2021-05-05 21:29:31'),(90,35,'http://dropbox.net/vk/http://dropbox.net/vk/et.mp4',10703,'{\"owner\": \"Summer Quigley\"}',1,'2015-05-10 17:41:37','2021-05-05 21:42:17'),(91,69,'http://dropbox.net/vk/http://dropbox.net/vk/perspiciatis.png',403659,'{\"owner\": \"Rosamond Gerhold\"}',2,'2015-03-22 21:33:00','2021-05-05 21:42:17'),(92,21,'http://dropbox.net/vk/http://dropbox.net/vk/fugit.mp4',976189,'{\"owner\": \"Carlos Thiel\"}',1,'2015-01-17 15:59:40','2021-05-05 21:29:31'),(93,10,'http://dropbox.net/vk/http://dropbox.net/vk/in.mp4',659969,'{\"owner\": \"Jefferey Reinger\"}',1,'2016-10-20 22:56:02','2021-05-05 21:42:17'),(94,4,'http://dropbox.net/vk/http://dropbox.net/vk/ipsa.avi',361278,'{\"owner\": \"Laurel Doyle\"}',1,'2020-08-11 01:37:01','2021-05-05 21:42:17'),(95,63,'http://dropbox.net/vk/http://dropbox.net/vk/sunt.png',816485,'{\"owner\": \"Hailee Tillman\"}',1,'2019-07-29 19:30:22','2021-05-05 21:42:17'),(96,31,'http://dropbox.net/vk/http://dropbox.net/vk/nulla.png',988591,'{\"owner\": \"Sallie Wuckert\"}',1,'2019-11-20 09:50:17','2021-05-05 21:42:17'),(97,79,'http://dropbox.net/vk/http://dropbox.net/vk/est.png',483500,'{\"owner\": \"Josiah Ritchie\"}',2,'2013-05-28 05:06:20','2021-05-05 21:42:17'),(98,74,'http://dropbox.net/vk/http://dropbox.net/vk/ducimus.mp3',441729,'{\"owner\": \"Joseph Mohr\"}',2,'2020-11-29 17:05:52','2021-05-05 21:42:17'),(99,67,'http://dropbox.net/vk/http://dropbox.net/vk/ipsum.avi',748144,'{\"owner\": \"Melany Hackett\"}',2,'2020-07-31 23:13:22','2021-05-05 21:42:17'),(100,94,'http://dropbox.net/vk/http://dropbox.net/vk/accusantium.mp3',405536,'{\"owner\": \"Jacquelyn Wolf\"}',3,'2012-03-25 19:54:07','2021-05-05 21:29:31');
/*!40000 ALTER TABLE `media` ENABLE KEYS */;
UNLOCK TABLES;

--
-- Table structure for table `media_types`
--

DROP TABLE IF EXISTS `media_types`;
/*!40101 SET @saved_cs_client     = @@character_set_client */;
/*!50503 SET character_set_client = utf8mb4 */;
CREATE TABLE `media_types` (
  `id` int unsigned NOT NULL AUTO_INCREMENT COMMENT '╨Ш╨┤╨╡╨╜╤В╨╕╤Д╨╕╨║╨░╤В╨╛╤А ╤Б╤В╤А╨╛╨║╨╕',
  `name` varchar(255) CHARACTER SET utf8mb4 COLLATE utf8mb4_unicode_ci NOT NULL COMMENT '╨Э╨░╨╖╨▓╨░╨╜╨╕╨╡ ╤В╨╕╨┐╨░',
  `created_at` datetime DEFAULT CURRENT_TIMESTAMP COMMENT '╨Т╤А╨╡╨╝╤П ╤Б╨╛╨╖╨┤╨░╨╜╨╕╤П ╤Б╤В╤А╨╛╨║╨╕',
  `updated_at` datetime DEFAULT CURRENT_TIMESTAMP ON UPDATE CURRENT_TIMESTAMP COMMENT '╨Т╤А╨╡╨╝╤П ╨╛╨▒╨╜╨╛╨▓╨╗╨╡╨╜╨╕╤П ╤Б╤В╤А╨╛╨║╨╕',
  PRIMARY KEY (`id`),
  UNIQUE KEY `name` (`name`)
) ENGINE=InnoDB AUTO_INCREMENT=4 DEFAULT CHARSET=utf8mb4 COLLATE=utf8mb4_unicode_ci COMMENT='╨в╨╕╨┐╤Л ╨╝╨╡╨┤╨╕╨░╤Д╨░╨╣╨╗╨╛╨▓';
/*!40101 SET character_set_client = @saved_cs_client */;

--
-- Dumping data for table `media_types`
--

LOCK TABLES `media_types` WRITE;
/*!40000 ALTER TABLE `media_types` DISABLE KEYS */;
INSERT INTO `media_types` VALUES (1,'photo','2021-05-05 21:40:43','2021-05-05 21:40:43'),(2,'video','2021-05-05 21:40:43','2021-05-05 21:40:43'),(3,'audio','2021-05-05 21:40:43','2021-05-05 21:40:43');
/*!40000 ALTER TABLE `media_types` ENABLE KEYS */;
UNLOCK TABLES;

--
-- Table structure for table `messages`
--

DROP TABLE IF EXISTS `messages`;
/*!40101 SET @saved_cs_client     = @@character_set_client */;
/*!50503 SET character_set_client = utf8mb4 */;
CREATE TABLE `messages` (
  `id` int unsigned NOT NULL AUTO_INCREMENT COMMENT '╨Ш╨┤╨╡╨╜╤В╨╕╤Д╨╕╨║╨░╤В╨╛╤А ╤Б╤В╤А╨╛╨║╨╕',
  `from_user_id` int unsigned NOT NULL COMMENT '╨б╤Б╤Л╨╗╨║╨░ ╨╜╨░ ╨╛╤В╨┐╤А╨░╨▓╨╕╤В╨╡╨╗╤П ╤Б╨╛╨╛╨▒╤Й╨╡╨╜╨╕╤П',
  `to_user_id` int unsigned NOT NULL COMMENT '╨б╤Б╤Л╨╗╨║╨░ ╨╜╨░ ╨┐╨╛╨╗╤Г╤З╨░╤В╨╡╨╗╤П ╤Б╨╛╨╛╨▒╤Й╨╡╨╜╨╕╤П',
  `body` text CHARACTER SET utf8mb4 COLLATE utf8mb4_unicode_ci NOT NULL COMMENT '╨в╨╡╨║╤Б╤В ╤Б╨╛╨╛╨▒╤Й╨╡╨╜╨╕╤П',
  `is_important` tinyint(1) DEFAULT NULL COMMENT '╨Я╤А╨╕╨╖╨╜╨░╨║ ╨▓╨░╨╢╨╜╨╛╤Б╤В╨╕',
  `delivered_at` tinyint(1) DEFAULT NULL,
  `created_at` datetime DEFAULT CURRENT_TIMESTAMP COMMENT '╨Т╤А╨╡╨╝╤П ╤Б╨╛╨╖╨┤╨░╨╜╨╕╤П ╤Б╤В╤А╨╛╨║╨╕',
  PRIMARY KEY (`id`),
  KEY `messages_from_user_id_fk` (`from_user_id`),
  KEY `messages_to_user_id_fk` (`to_user_id`),
  CONSTRAINT `messages_from_user_id_fk` FOREIGN KEY (`from_user_id`) REFERENCES `users` (`id`),
  CONSTRAINT `messages_to_user_id_fk` FOREIGN KEY (`to_user_id`) REFERENCES `users` (`id`)
) ENGINE=InnoDB AUTO_INCREMENT=101 DEFAULT CHARSET=utf8mb4 COLLATE=utf8mb4_unicode_ci COMMENT='╨б╨╛╨╛╨▒╤Й╨╡╨╜╨╕╤П';
/*!40101 SET character_set_client = @saved_cs_client */;

--
-- Dumping data for table `messages`
--

LOCK TABLES `messages` WRITE;
/*!40000 ALTER TABLE `messages` DISABLE KEYS */;
INSERT INTO `messages` VALUES (1,15,49,'Et voluptatem consequatur molestiae commodi explicabo.',1,NULL,'2013-02-05 16:58:13'),(2,33,73,'Accusantium fugiat sequi perferendis hic deleniti.',1,NULL,'2012-06-27 12:05:40'),(3,45,21,'Voluptatibus consequatur nihil modi nam delectus.',0,NULL,'2017-02-23 17:40:16'),(4,66,10,'Omnis voluptatum non commodi.',1,NULL,'2013-01-01 22:22:05'),(5,95,77,'Minus molestiae excepturi nobis soluta rerum.',1,NULL,'2013-02-06 10:09:10'),(6,26,25,'Dolores nam mollitia id quo blanditiis rem consequatur.',1,NULL,'2018-06-14 12:00:15'),(7,20,32,'Esse et laboriosam atque.',1,NULL,'2020-06-01 11:34:09'),(8,75,98,'Aut reiciendis maxime deserunt.',1,NULL,'2017-09-26 08:06:27'),(9,59,22,'Fugiat quia earum vitae consectetur.',0,NULL,'2014-03-29 18:49:45'),(10,5,37,'Animi qui ea fuga consectetur voluptatem.',1,NULL,'2020-12-11 14:18:49'),(11,50,96,'Expedita rerum esse saepe deleniti vitae.',1,NULL,'2014-02-02 15:45:48'),(12,63,17,'Iure quis voluptate voluptas sapiente quae atque.',1,NULL,'2017-10-31 04:59:23'),(13,34,95,'Et deserunt enim sit et.',1,NULL,'2018-11-21 05:14:40'),(14,36,26,'Expedita autem modi possimus sit.',1,NULL,'2021-03-19 08:45:02'),(15,29,85,'Nisi pariatur quibusdam modi laborum temporibus temporibus iure.',0,NULL,'2015-02-08 09:30:24'),(16,83,43,'Et deleniti quaerat officiis expedita magnam et.',1,NULL,'2017-11-16 21:21:59'),(17,34,15,'Quod sit cum officia.',0,NULL,'2013-08-29 04:19:08'),(18,15,78,'Odio nostrum voluptatibus nobis molestiae est.',1,NULL,'2018-04-27 21:20:10'),(19,36,80,'Magni et alias esse voluptatem ex neque voluptatum.',1,NULL,'2013-05-15 22:05:21'),(20,87,31,'Est inventore voluptatum unde.',0,NULL,'2014-09-29 09:53:44'),(21,57,12,'Sit itaque officia qui doloremque.',1,NULL,'2015-04-23 03:38:55'),(22,55,76,'Natus non sint ut ab.',1,NULL,'2018-08-29 06:28:20'),(23,43,30,'Et quasi necessitatibus porro.',0,NULL,'2017-09-02 14:13:15'),(24,74,1,'Vel id quos mollitia eos et aperiam.',0,NULL,'2015-04-21 06:34:08'),(25,51,78,'Veritatis qui assumenda inventore voluptates expedita illum.',0,NULL,'2012-12-03 15:36:28'),(26,38,100,'At officiis non quia.',0,NULL,'2015-01-16 17:36:05'),(27,74,100,'Quia adipisci accusamus vel.',1,NULL,'2013-03-08 02:34:44'),(28,17,7,'Aut et et laborum dolores ab magnam.',1,NULL,'2014-05-23 11:17:44'),(29,95,52,'Saepe neque rem perferendis et.',1,NULL,'2015-11-22 14:32:33'),(30,33,23,'Quos illum culpa et cumque quasi dolor consequatur.',0,NULL,'2018-07-09 22:20:46'),(31,37,15,'Eos perferendis exercitationem illum inventore quisquam quisquam.',1,NULL,'2018-12-16 14:28:40'),(32,66,70,'Inventore odio adipisci ad corrupti similique porro.',1,NULL,'2016-12-19 00:26:44'),(33,30,81,'Voluptas et suscipit aut temporibus dolores.',1,NULL,'2013-11-09 16:12:04'),(34,47,65,'Eaque consequatur minus officiis repudiandae minus.',0,NULL,'2019-08-28 06:58:15'),(35,60,34,'Nihil nisi modi ullam.',0,NULL,'2017-02-07 03:08:17'),(36,95,17,'Rerum quia cum quos eos non voluptates omnis labore.',1,NULL,'2012-10-26 11:54:08'),(37,46,49,'Sint animi quaerat quia quo totam.',1,NULL,'2013-06-11 01:16:22'),(38,93,89,'Vero quia tempore voluptas voluptas aut.',1,NULL,'2012-11-11 08:38:49'),(39,79,66,'Consequatur magni aut repellat ea dolorem voluptatem.',1,NULL,'2015-01-11 15:53:12'),(40,90,29,'Eum aut culpa pariatur fugit id.',0,NULL,'2013-01-08 09:43:04'),(41,44,27,'Autem voluptates provident similique.',0,NULL,'2012-08-04 07:48:21'),(42,29,17,'In ipsa et qui eum nihil.',1,NULL,'2018-05-28 01:58:03'),(43,26,45,'Aut sunt architecto cumque itaque.',1,NULL,'2012-01-19 19:23:28'),(44,24,21,'Libero earum animi quibusdam impedit et dolores odit.',1,NULL,'2020-10-29 20:21:12'),(45,97,56,'Maiores vel quasi quod asperiores.',1,NULL,'2014-02-11 18:26:32'),(46,43,33,'Delectus occaecati voluptates sit optio.',1,NULL,'2016-01-23 04:30:45'),(47,71,9,'Excepturi in dolorem incidunt aut recusandae.',0,NULL,'2015-01-17 11:35:07'),(48,2,100,'Repellendus perspiciatis ea nulla repudiandae eius quibusdam commodi.',0,NULL,'2017-02-02 10:16:00'),(49,89,49,'Voluptatem itaque dolor et sit eligendi error aut rerum.',0,NULL,'2020-02-18 00:01:14'),(50,65,49,'Officiis vel explicabo dolorum laudantium.',1,NULL,'2016-01-02 23:01:29'),(51,83,59,'Exercitationem voluptas provident est placeat perspiciatis.',1,NULL,'2017-06-23 14:13:13'),(52,65,28,'Qui esse ad eum qui quidem autem.',0,NULL,'2013-04-28 16:53:40'),(53,8,57,'Sit vel quas iure repellat quidem voluptatem.',1,NULL,'2020-07-08 08:06:05'),(54,16,86,'Quae error tenetur reprehenderit officia autem in excepturi.',1,NULL,'2020-11-29 18:16:51'),(55,23,6,'Minus nostrum eum illo labore.',0,NULL,'2015-12-25 05:16:33'),(56,15,66,'Nesciunt ut est quidem iste cumque autem.',1,NULL,'2020-02-01 03:04:55'),(57,32,44,'Enim ullam in rem totam.',1,NULL,'2020-02-05 08:33:46'),(58,83,58,'Vel ut voluptas error expedita voluptas vel doloremque.',1,NULL,'2016-02-06 13:46:09'),(59,88,6,'Voluptatibus rerum ut maxime ut.',0,NULL,'2016-10-25 12:09:09'),(60,78,84,'Sed consequatur voluptatem repellendus quia est.',1,NULL,'2012-11-03 22:17:22'),(61,62,21,'Qui hic ratione impedit fugiat.',1,NULL,'2011-07-13 00:31:20'),(62,17,33,'Qui odit perferendis excepturi perspiciatis.',1,NULL,'2013-06-23 09:37:12'),(63,29,18,'Neque quia consequatur eaque ea hic omnis.',1,NULL,'2019-05-27 04:39:10'),(64,33,17,'Itaque illum quod ullam aliquam necessitatibus iure pariatur aliquid.',0,NULL,'2011-07-09 05:59:01'),(65,67,97,'Eligendi nostrum voluptas in quis.',0,NULL,'2016-11-29 05:15:44'),(66,66,50,'Eum eligendi esse at optio et ipsum id qui.',0,NULL,'2016-05-29 21:24:56'),(67,56,30,'Quidem consequatur necessitatibus aliquam ratione voluptatem.',1,NULL,'2019-04-15 17:30:24'),(68,77,64,'Ea et sunt nobis nam rerum.',1,NULL,'2020-10-19 12:59:33'),(69,87,93,'Consequatur quia fuga ipsum fuga tempora sequi ratione.',1,NULL,'2018-09-30 22:14:49'),(70,49,9,'Quia blanditiis laboriosam aut tempore voluptas.',0,NULL,'2016-08-01 01:26:48'),(71,98,64,'Sit labore qui labore inventore veritatis sint.',1,NULL,'2017-05-06 20:36:33'),(72,75,29,'Nihil et in eaque iste est rerum.',0,NULL,'2014-05-28 21:44:06'),(73,7,57,'Inventore saepe consequuntur ratione cum aut blanditiis minima.',1,NULL,'2014-03-29 00:04:08'),(74,87,95,'Ut ut vitae nemo quo.',0,NULL,'2013-05-23 06:33:16'),(75,63,64,'Quis omnis consectetur non aspernatur blanditiis voluptatem dolores.',1,NULL,'2017-07-17 07:57:20'),(76,78,24,'Sunt sequi et at excepturi voluptates.',0,NULL,'2019-03-07 06:12:26'),(77,85,94,'Consequatur consequatur eligendi dolore non explicabo.',0,NULL,'2018-10-30 23:27:21'),(78,57,13,'Quo possimus in architecto aliquid nihil eum.',1,NULL,'2012-05-03 03:04:10'),(79,12,89,'Magnam accusantium culpa vel maiores corporis.',0,NULL,'2013-11-02 23:51:55'),(80,30,79,'Exercitationem tenetur iste est rerum.',0,NULL,'2013-08-25 22:15:00'),(81,86,95,'Aut ut ea vero nam et.',0,NULL,'2014-10-19 10:37:28'),(82,28,42,'Numquam expedita laborum quia ipsa eum beatae.',1,NULL,'2011-12-09 04:46:07'),(83,25,5,'Quasi et quo velit modi eum illo et.',1,NULL,'2019-06-02 06:50:59'),(84,5,11,'Aliquid possimus molestiae quidem voluptatem cumque sint.',0,NULL,'2013-07-03 15:46:20'),(85,97,54,'Qui sint corporis et delectus ut iure.',1,NULL,'2018-03-11 22:25:50'),(86,20,95,'Cum mollitia aperiam recusandae accusamus.',0,NULL,'2013-05-26 22:58:25'),(87,17,94,'Ut sed dicta autem explicabo ex.',1,NULL,'2020-04-17 11:47:55'),(88,24,23,'Aut ut perferendis quasi consequatur et aut nobis.',0,NULL,'2014-06-11 03:21:36'),(89,50,10,'Corrupti sed voluptatibus ad tempora.',0,NULL,'2012-06-01 12:40:36'),(90,17,12,'Adipisci expedita et dolorem.',1,NULL,'2020-06-11 21:50:37'),(91,74,95,'Voluptatibus voluptatem et doloremque.',1,NULL,'2016-09-02 20:08:33'),(92,36,58,'Iure temporibus ut ipsum dolorem eum non corporis.',1,NULL,'2016-08-17 21:23:13'),(93,89,92,'Ut voluptates et vel et voluptatem error.',0,NULL,'2016-06-15 12:34:57'),(94,70,1,'Et maxime et cupiditate veritatis quam deleniti.',1,NULL,'2015-10-03 02:19:07'),(95,81,100,'Voluptas dolor delectus excepturi culpa qui natus.',0,NULL,'2014-10-24 02:41:47'),(96,79,66,'Voluptate nam excepturi dignissimos eum accusantium vitae incidunt.',1,NULL,'2020-06-09 00:19:46'),(97,94,7,'Accusantium quisquam aut nihil nisi ipsa iste veniam accusantium.',0,NULL,'2013-11-06 00:39:44'),(98,8,19,'Dolorum veritatis laboriosam accusamus ex molestiae vero similique.',0,NULL,'2018-04-11 08:42:11'),(99,11,12,'Sunt voluptatum expedita voluptas ducimus dolor sit.',0,NULL,'2017-08-11 13:31:03'),(100,29,8,'Eius tenetur quidem voluptatibus at harum.',1,NULL,'2012-04-28 08:46:13');
/*!40000 ALTER TABLE `messages` ENABLE KEYS */;
UNLOCK TABLES;

--
-- Table structure for table `posts`
--

DROP TABLE IF EXISTS `posts`;
/*!40101 SET @saved_cs_client     = @@character_set_client */;
/*!50503 SET character_set_client = utf8mb4 */;
CREATE TABLE `posts` (
  `id` int unsigned NOT NULL AUTO_INCREMENT,
  `user_id` int unsigned NOT NULL,
  `community_id` int unsigned DEFAULT NULL,
  `head` varchar(255) CHARACTER SET utf8mb4 COLLATE utf8mb4_unicode_ci DEFAULT NULL,
  `body` text CHARACTER SET utf8mb4 COLLATE utf8mb4_unicode_ci NOT NULL,
  `media_id` int unsigned DEFAULT NULL,
  `is_public` tinyint(1) DEFAULT '1',
  `is_deleted` tinyint(1) DEFAULT '0',
  `created_at` datetime DEFAULT CURRENT_TIMESTAMP,
  `updated_at` datetime DEFAULT CURRENT_TIMESTAMP ON UPDATE CURRENT_TIMESTAMP,
  PRIMARY KEY (`id`),
  KEY `posts_user_id_fk` (`user_id`),
  KEY `posts_media_id_fk` (`media_id`),
  CONSTRAINT `posts_media_id_fk` FOREIGN KEY (`media_id`) REFERENCES `media` (`id`) ON DELETE RESTRICT,
  CONSTRAINT `posts_user_id_fk` FOREIGN KEY (`user_id`) REFERENCES `users` (`id`) ON DELETE CASCADE
) ENGINE=InnoDB AUTO_INCREMENT=101 DEFAULT CHARSET=utf8mb4 COLLATE=utf8mb4_unicode_ci;
/*!40101 SET character_set_client = @saved_cs_client */;

--
-- Dumping data for table `posts`
--

LOCK TABLES `posts` WRITE;
/*!40000 ALTER TABLE `posts` DISABLE KEYS */;
INSERT INTO `posts` VALUES (1,40,68,'mollitia','Dolorem minima ipsa aliquid nihil officiis optio. Rerum rerum harum ipsum dolor harum ipsa. Sed autem voluptatem nam ratione minima qui dolorum. Voluptatum et dolores nisi dolor et provident sed.',44,0,0,'2017-06-05 00:37:58','2019-04-21 15:08:13'),(2,46,7,'et','Et consectetur omnis rerum. Odio consequuntur magni accusantium nobis commodi vel asperiores. Dicta odio cupiditate odio dolor reprehenderit. Voluptas assumenda rerum qui aut quod minus facere. Veritatis sit eaque laudantium minus.',8,1,0,'2013-05-24 08:20:44','2021-05-12 13:15:18'),(3,97,81,'qui','Placeat voluptates molestias sed enim quia. Incidunt necessitatibus alias sunt quisquam et. Voluptatem labore explicabo consequatur aperiam cumque ex et. Dolorum molestiae debitis sequi nam natus eum.',95,1,0,'2019-02-10 19:44:34','2021-05-12 13:15:18'),(4,53,42,'quisquam','Nisi voluptatem aperiam numquam occaecati quis. Provident et quam accusamus pariatur repellendus.',38,1,1,'2021-03-25 06:56:47','2021-05-12 13:15:18'),(5,16,16,'accusantium','Aut non ipsa at molestias voluptate nemo inventore non. Repudiandae velit eum quae natus. Nostrum et et et error officiis consequuntur.',53,0,1,'2019-03-22 03:21:23','2021-05-12 13:15:18'),(6,48,80,'minima','Aut libero vero officia ut quos est. Ratione optio recusandae eos laudantium. Quia quod est deserunt nesciunt sit iure nulla. Velit ut repudiandae eius.',38,1,0,'2011-06-28 03:29:48','2012-08-06 07:42:39'),(7,71,4,'perferendis','Et aut et error in neque similique. Saepe non porro ea doloremque aut adipisci asperiores. Et sunt ab qui ratione sapiente in consequatur cumque.',77,0,0,'2018-11-21 01:52:38','2021-05-12 13:15:18'),(8,3,15,'ipsam','Voluptas alias quidem sit aliquid sed impedit. Eveniet in reiciendis maxime nisi. Cumque voluptates labore corrupti officia minima eaque consequatur. Quo amet est natus culpa. Sed fugiat magni quaerat alias delectus et.',37,0,0,'2020-05-06 05:26:32','2021-05-12 13:15:18'),(9,31,31,'doloremque','Ad sunt nesciunt ad et. Hic pariatur itaque qui ipsa veniam itaque sequi provident. Voluptatibus ipsam et laborum sit.',9,0,1,'2016-08-20 23:51:08','2021-05-12 13:15:18'),(10,37,83,'rerum','Sed ipsum expedita cum voluptatem quis optio. Sed iusto ea similique quo saepe. Magni officiis aut incidunt cum culpa.',52,0,1,'2019-10-26 22:02:36','2021-05-12 13:15:18'),(11,41,86,'hic','Ea rerum quos tempore et nostrum voluptas natus. Minus et est repudiandae facilis fuga velit et. Iusto quam aut commodi est rerum.',34,0,0,'2015-01-13 12:01:01','2021-05-12 13:15:18'),(12,95,36,'ut','Nulla ea voluptatum impedit perspiciatis accusamus recusandae est. Ipsam qui exercitationem qui sapiente corrupti provident est. Voluptatum quidem odit rerum et. Consectetur nostrum vitae aut laudantium.',45,1,1,'2017-07-21 01:14:45','2021-05-12 13:15:18'),(13,27,27,'iusto','Ducimus officia laborum voluptatem nostrum ea necessitatibus. Quae aut veritatis sed beatae iure illo neque est. Tempora provident quod eum tempore minus. Explicabo repellat est tempora est non eum. Beatae dolorem ratione aut.',3,0,0,'2021-01-20 22:37:48','2021-05-12 13:15:18'),(14,66,48,'facere','Commodi ex natus rerum unde. Et molestiae consequuntur doloribus tenetur voluptatem.',68,0,1,'2015-06-04 02:55:27','2021-05-12 13:15:18'),(15,61,63,'possimus','Exercitationem ea quia beatae reprehenderit itaque tempora. Rem qui maxime ea laboriosam. Nihil et sint aspernatur impedit. Libero totam perferendis voluptatibus quia autem.',64,0,0,'2011-08-06 19:16:46','2017-10-11 03:01:45'),(16,75,59,'eum','Voluptates ad aut adipisci et. Et molestias neque id aut optio. Et doloremque deserunt ut rerum esse voluptates et fuga.',20,0,1,'2017-05-23 23:27:15','2021-05-12 13:15:18'),(17,43,85,'doloribus','Iste voluptatum dolorem voluptas culpa. Totam qui mollitia vitae ratione saepe et officiis. Quis dolorum qui ad impedit. Dolor officiis nesciunt maxime quam eius non.',26,1,0,'2016-08-12 17:06:56','2020-09-12 15:16:43'),(18,19,71,'ipsam','Asperiores temporibus provident in. Molestiae et harum quia repudiandae. Ut et omnis saepe. Molestiae et dignissimos sit qui autem.',9,1,1,'2016-10-12 06:54:48','2021-05-12 13:15:18'),(19,28,79,'eum','Dolores sed et voluptatem tempora aut non. Qui nesciunt libero itaque accusamus maiores vitae. Nulla necessitatibus iusto reiciendis enim deleniti veritatis vel incidunt. Neque dolorem optio architecto est.',6,1,1,'2017-03-14 04:23:41','2021-05-12 13:15:18'),(20,18,52,'eveniet','Assumenda aut voluptatem facilis quibusdam laboriosam. Ducimus mollitia natus voluptas perferendis quia laborum quo dolore. Et quae rem excepturi possimus maxime delectus harum. Quia qui dolores tenetur non.',74,0,1,'2012-02-07 09:08:13','2012-08-04 05:42:56'),(21,100,67,'molestiae','Esse placeat repudiandae excepturi inventore quisquam laboriosam in. Cum consectetur asperiores debitis quod. Ex quisquam voluptatem ipsam quis repellendus accusantium ut. Adipisci sequi officiis odio aut veritatis sed.',81,0,1,'2018-08-07 09:28:07','2021-05-12 13:15:18'),(22,21,82,'animi','Sed labore laborum dolores possimus ducimus possimus porro. Odit asperiores sed numquam dolores distinctio. Eveniet sequi sint quis vel. Ea consectetur libero aspernatur sit necessitatibus. Illum quas qui a nisi eum.',29,0,0,'2011-06-13 21:48:40','2012-11-19 23:00:32'),(23,59,83,'fugiat','Quia eveniet sit quia sit. Suscipit ut quibusdam et eligendi facilis cumque nostrum enim. Amet soluta reprehenderit saepe ea modi rerum.',22,1,0,'2018-03-10 00:57:56','2018-11-18 10:47:16'),(24,13,64,'ipsa','Repellat corrupti quia quia praesentium porro ullam. Nostrum modi provident numquam eligendi in quos soluta. Labore rerum laudantium debitis corporis.',25,0,1,'2018-03-09 23:30:49','2020-09-15 23:52:22'),(25,4,97,'fugiat','Quo corrupti et sed sunt. Voluptates dicta et nulla eum aut qui. Et a voluptatem nobis dolores.',79,0,1,'2014-06-22 07:15:52','2016-09-15 13:18:54'),(26,98,41,'ut','Repellendus voluptatem maiores necessitatibus ex rerum id dolor. Quos at sit ducimus tempora quia. Omnis excepturi a culpa ipsa dolor quam quos sint.',46,1,1,'2018-08-13 20:11:51','2019-03-09 04:56:58'),(27,51,57,'quis','Dignissimos et ut ea blanditiis id autem. Totam quae qui architecto neque rem cupiditate. Qui quas voluptate sit ut officiis. Delectus labore unde velit pariatur illo est.',96,1,0,'2011-10-21 17:45:08','2018-08-16 10:33:56'),(28,38,55,'mollitia','Sed voluptas rerum qui et. Quidem corporis amet tempore eligendi debitis tempore modi. Neque dolorem voluptas optio autem qui rerum sit rerum.',37,0,0,'2021-04-03 04:16:15','2021-05-12 13:15:18'),(29,86,78,'odio','Eaque saepe repudiandae saepe rerum et fugiat rerum voluptatem. Explicabo et occaecati natus mollitia suscipit sit. Minima ullam repudiandae totam et nihil ea.',31,1,0,'2020-03-26 14:51:36','2021-05-12 13:15:18'),(30,22,77,'enim','Aspernatur laborum fuga dolorum sint magnam eveniet dolor. Adipisci quia consequuntur ut quo voluptas. Odit optio odio nostrum suscipit.',35,1,1,'2016-10-03 22:02:24','2020-06-25 14:08:42'),(31,22,46,'totam','Eos praesentium est iusto deleniti quo cupiditate. Consequuntur repellat eum eius quia voluptas. Voluptas sunt quia quam eius suscipit.',19,1,0,'2021-01-12 07:56:35','2021-05-12 13:15:18'),(32,31,37,'quis','Eos ea suscipit eaque ex quaerat id ea. Et nisi distinctio quia blanditiis est sunt quod. Fuga corporis adipisci quis ea.',41,1,0,'2017-06-12 09:09:37','2021-05-12 13:15:18'),(33,71,88,'accusantium','Velit ipsum veritatis error excepturi. Sit et beatae repellat officia. Est quod magnam aut sit.',96,0,0,'2018-01-04 18:00:30','2021-05-12 13:15:18'),(34,45,44,'exercitationem','Sunt ab enim laboriosam debitis deleniti velit ea. Consequatur expedita possimus ipsa libero quo. Id aperiam voluptas quam praesentium veritatis ea.',21,1,0,'2016-05-06 00:21:27','2019-06-17 08:27:27'),(35,38,46,'quia','Quasi quasi sed corrupti dolorem quos culpa quia. Iste ullam quis et saepe aut. Provident quis neque quod quasi consequatur qui perspiciatis voluptates. Ducimus porro repellat quas ut sint molestiae quia quia.',100,1,0,'2017-04-28 05:08:54','2019-07-01 18:25:40'),(36,4,11,'soluta','Consequuntur eum qui commodi commodi at. Sequi rerum ipsum voluptatem voluptatem.',54,0,0,'2020-06-13 12:44:07','2021-05-12 13:15:18'),(37,99,73,'necessitatibus','Ducimus eaque porro ea ullam. Sapiente velit ad dolorem deserunt. Recusandae doloremque quia sed dolorem reiciendis perferendis. Iure totam dolore ea exercitationem et veniam.',61,0,0,'2014-01-24 17:06:13','2021-05-12 13:15:18'),(38,98,60,'sint','Soluta cupiditate esse repellendus est quas modi. Non saepe aut quis modi omnis modi amet. Autem iusto saepe illo debitis rerum.',24,0,0,'2017-05-04 03:41:30','2021-05-12 13:15:18'),(39,97,38,'magni','Enim assumenda cupiditate est temporibus. Suscipit at ipsam accusantium voluptate. Similique et optio et excepturi ad voluptatem. Id minima voluptatibus vel eos vel libero. Deleniti commodi consectetur explicabo ut.',10,0,0,'2019-07-06 08:12:50','2021-05-12 13:15:18'),(40,98,98,'ratione','Est optio nulla ipsam qui nihil ut voluptas. Eveniet molestiae quibusdam libero ut id ipsum fugit qui. Et voluptatem enim ut ea.',73,0,1,'2011-06-09 12:11:11','2019-08-08 17:43:32'),(41,83,36,'impedit','Sunt expedita eius ratione voluptas sed. Corrupti labore rerum natus modi architecto id occaecati. Omnis aut nulla nulla optio repudiandae. Asperiores magnam est voluptates aut.',82,0,1,'2015-09-17 09:05:16','2020-10-19 16:17:26'),(42,77,50,'laboriosam','Laboriosam repellat fugit est enim dicta qui. Et deserunt reprehenderit totam odit. Praesentium eum voluptates quos velit. Blanditiis rerum ipsa consequatur.',2,0,1,'2014-11-18 17:00:01','2021-05-12 13:15:18'),(43,12,73,'exercitationem','Est culpa nihil eum neque officia eum. Laboriosam et est omnis. Soluta est alias magnam quidem.',65,1,0,'2019-11-24 06:18:38','2021-05-12 13:15:18'),(44,66,10,'molestias','Ipsam sapiente maxime atque quibusdam quis qui. Cupiditate ut exercitationem eveniet itaque nostrum commodi omnis. Veniam rem in iure quo. Atque ut et optio numquam quis.',93,1,1,'2013-02-20 12:39:13','2018-03-07 01:05:54'),(45,7,99,'enim','Tenetur voluptas aut corporis distinctio quisquam omnis enim. Minima voluptatem autem rerum ratione sit. Sunt deserunt aliquam consequatur eum amet omnis autem.',7,0,0,'2018-06-15 11:25:45','2021-05-12 13:15:18'),(46,73,32,'molestias','Occaecati illo rerum nisi voluptatem culpa sit ipsam. Omnis mollitia aut autem voluptatem at velit porro. Impedit esse perspiciatis error doloribus velit nulla. Ab quo temporibus nam perspiciatis aut temporibus.',6,1,0,'2013-05-01 08:24:17','2019-12-05 02:12:24'),(47,27,4,'omnis','Incidunt assumenda aut inventore molestiae deleniti consequatur sed. Vero repudiandae illum qui. Iusto quia quas iure voluptatem quia et.',4,0,0,'2013-07-07 13:46:12','2021-05-12 13:15:18'),(48,69,74,'velit','Eum in porro consequuntur sed itaque consequatur. Est ex exercitationem iusto ipsam. Blanditiis voluptate aut et. Cupiditate soluta sit impedit repudiandae voluptatem vero. Vitae veritatis consequatur voluptatum.',82,1,0,'2011-11-13 22:01:35','2012-04-14 17:28:42'),(49,94,61,'quaerat','Et voluptatem eveniet repellat dolores quidem et. Aut et dolorem ut eaque ab. Dolorem sed quisquam culpa eum et ut. Hic nihil qui qui cumque.',100,1,1,'2016-04-23 22:07:54','2018-07-27 16:16:51'),(50,16,50,'veniam','In esse accusantium perferendis est excepturi. Aliquid aspernatur sed qui esse. Labore est maxime possimus quia est. Velit tenetur vero sint quas laudantium.',5,1,1,'2014-11-23 10:52:31','2016-06-05 00:40:42'),(51,39,23,'optio','Dolores nobis ipsum rerum blanditiis ut nihil. Eius porro sapiente quae ea quasi ad et et.',10,0,0,'2018-08-20 08:48:09','2021-05-12 13:15:18'),(52,8,84,'omnis','Molestias eligendi quo reprehenderit est et. Quisquam assumenda hic consequuntur. Ex non hic et velit et ut sed. Commodi et minima natus facilis dicta rerum iste praesentium.',29,1,0,'2015-10-15 18:02:12','2021-05-12 13:15:18'),(53,79,96,'rerum','Facere similique dolorum ex ea. Minus illum nisi nihil possimus. Non quod voluptatum omnis possimus exercitationem omnis ut. Ipsa eius eum optio sed. Harum maiores molestias rerum aut atque et aut.',43,0,0,'2021-02-15 02:11:40','2021-05-12 13:15:18'),(54,46,29,'alias','Est reiciendis ut natus eos qui non maxime. Quaerat minima magni sunt sint sint sed excepturi. Sint non ut nihil. Quasi eius ipsam excepturi est ab.',55,0,0,'2012-04-30 11:58:16','2017-10-04 14:05:55'),(55,47,10,'sunt','Eum officia voluptatem quia adipisci. Ipsam quaerat similique voluptas tempora non nobis debitis. Animi porro dolorem nam consequuntur quos perferendis sunt.',68,0,1,'2016-10-19 04:21:40','2021-05-12 13:15:18'),(56,29,35,'et','Architecto voluptate optio quaerat. Vel fugiat magnam quisquam rerum.',16,0,1,'2020-08-20 05:25:09','2021-05-12 13:15:18'),(57,71,85,'corrupti','Iusto voluptatibus voluptate tempore aut qui amet. Sint rerum corporis odit velit omnis. Eum amet quia similique ea voluptate numquam voluptatum sed. Recusandae cum aut aliquid et hic tempore.',14,0,1,'2016-12-09 06:10:14','2021-05-12 13:15:18'),(58,75,24,'molestiae','Quibusdam quidem velit quae aut enim consequuntur. Qui reprehenderit aut ullam quam temporibus.',88,0,0,'2019-04-01 23:21:11','2019-07-12 16:03:41'),(59,90,38,'ducimus','Delectus dicta nisi quo a omnis sequi nobis asperiores. Voluptatem tempore consequatur rerum ducimus nam debitis iusto. Quo molestias sapiente aspernatur autem iste occaecati. Dolorem beatae rem ab eligendi officia et.',60,0,0,'2019-05-26 08:56:47','2021-05-12 13:15:18'),(60,26,89,'amet','Sed atque quasi at sunt laboriosam. Perferendis occaecati magnam architecto explicabo delectus. Voluptatibus reprehenderit cum quisquam.',86,0,1,'2011-10-26 08:43:04','2011-11-04 03:16:09'),(61,48,67,'dolor','Sequi autem quis nam sed minus. Repellendus earum ut sint qui commodi modi autem. Reprehenderit enim quas veniam sit.',91,1,0,'2011-10-02 06:53:14','2015-01-02 03:35:42'),(62,44,59,'voluptas','Ullam id qui odio autem fugiat ipsa. Doloribus et laudantium in sint aspernatur aspernatur asperiores itaque. Rem non harum atque qui quis sed. Ab et sit sit.',46,0,1,'2013-04-06 14:32:36','2015-05-03 22:27:05'),(63,81,97,'asperiores','Officia cumque optio odio est deleniti est. Repellendus eum facilis temporibus et qui non ipsam. Expedita iusto nihil dolorem excepturi et minus. Inventore necessitatibus consequatur asperiores.',86,0,0,'2013-09-10 02:23:06','2021-05-12 13:15:18'),(64,83,13,'officiis','Et laudantium nisi ut porro sint. Incidunt fugit nemo voluptas sit sapiente. Qui atque id enim cumque dolor quae.',68,0,0,'2017-10-05 14:22:26','2019-05-24 21:51:45'),(65,56,27,'aut','At qui voluptate ut. Rerum non ducimus placeat ullam voluptate. Quaerat ab doloribus quam sit rem. Illum molestias debitis fugit et.',95,0,0,'2013-09-17 20:34:26','2019-11-28 17:43:17'),(66,90,79,'laboriosam','Ratione repellat architecto sapiente in maxime ut. Quaerat et voluptates et eaque possimus et. Qui autem vel a.',17,1,0,'2015-03-13 15:32:25','2016-07-31 16:41:39'),(67,40,80,'possimus','Doloremque praesentium harum ipsum qui enim. Amet distinctio minus aut veritatis molestiae odio ratione. Alias libero sequi blanditiis nemo.',26,1,0,'2012-11-22 22:29:54','2015-04-26 04:07:28'),(68,8,36,'et','Ea ad sed excepturi quas voluptatem qui. Fuga qui esse nihil. Consequatur enim quia facilis repudiandae eos.',76,1,1,'2011-08-26 11:45:55','2019-10-28 19:23:07'),(69,99,76,'deserunt','Eaque quod nostrum odit porro sit omnis omnis laudantium. Exercitationem adipisci eius magni quaerat. Magni doloremque accusantium velit perspiciatis.',21,1,0,'2018-03-17 11:28:50','2021-05-12 13:15:18'),(70,57,3,'sit','Dicta officia sint iste rerum. Sed rem nisi quis et sit illum velit. Quo laborum unde praesentium minus.',31,0,0,'2017-01-19 08:49:09','2021-05-12 13:15:18'),(71,65,38,'delectus','Exercitationem nulla eum ullam. Perferendis velit repellendus odio ut. Ut qui dolorem officia voluptas quos totam adipisci.',55,1,1,'2012-12-25 07:55:18','2019-06-11 06:57:52'),(72,74,5,'ut','Reprehenderit a possimus deleniti dolorem fugiat. Ut officia sed labore officiis. Vel magni ducimus nam officiis.',90,0,1,'2017-07-07 13:08:19','2021-05-12 13:15:18'),(73,24,27,'aut','Corporis cum ut dolores rerum occaecati eos et. Est est temporibus nihil accusantium adipisci voluptatem. Corporis facilis id ea ducimus molestiae.',23,0,1,'2018-06-09 10:13:20','2021-01-03 07:31:26'),(74,40,34,'quidem','Rerum quia aut enim consequatur. Dolorem exercitationem non occaecati eaque. Cupiditate fugiat qui minima sapiente. Aliquam blanditiis accusantium fuga omnis voluptate illum inventore non.',30,1,0,'2019-08-19 04:07:43','2021-05-12 13:15:18'),(75,36,85,'unde','Consequatur ullam in consequatur mollitia voluptas nihil. Aspernatur voluptatem ut a hic sed. Quis dignissimos et vero neque ab et quasi. Eos eius quisquam eum consequatur dolor dolorem et nobis. Eveniet facilis at voluptatem voluptas minima.',78,0,1,'2016-06-28 16:28:59','2021-05-12 13:15:18'),(76,28,88,'maxime','Non consectetur suscipit qui nulla aut. Est ex consequuntur consequatur temporibus voluptas sit est tempore. Cum facilis sit enim fugiat quos et. Provident non qui molestias nulla veniam.',75,0,0,'2015-11-12 01:07:10','2016-04-18 08:19:45'),(77,67,1,'veniam','Voluptatem quam ducimus ut et. Sint aliquam unde facilis quis aspernatur dignissimos sint deleniti. Neque nostrum consequatur blanditiis.',61,0,0,'2013-08-14 23:01:14','2016-04-14 09:57:06'),(78,6,76,'sequi','Et eum non modi voluptatem nulla quam minima. Et perferendis nam fuga nisi hic. Sit assumenda sit iste non hic maxime quo.',16,0,1,'2016-03-27 04:08:33','2021-05-12 13:15:18'),(79,43,96,'voluptates','Aut voluptas cupiditate repellat aut dignissimos modi. Consequatur quis praesentium nesciunt. Officiis minus perspiciatis ad facere aut. Consequatur distinctio rerum iure veritatis aut omnis enim.',57,1,0,'2021-01-09 21:46:40','2021-05-12 13:15:18'),(80,2,69,'omnis','Quis est nostrum autem voluptas. Voluptate consequatur porro reprehenderit qui ipsum dolore repudiandae. Voluptatem dolores harum ut cum laboriosam facilis consequatur. Dicta aut totam molestiae id placeat debitis.',36,1,0,'2018-10-31 15:24:18','2021-05-12 13:15:18'),(81,98,99,'doloribus','Officia sunt porro ut repellat consectetur culpa illo. Et id dolore dolore officiis. Accusantium maxime quia expedita id. Pariatur harum aliquid fugit.',71,1,1,'2016-08-02 05:17:15','2018-03-31 07:59:53'),(82,93,55,'debitis','Voluptatem pariatur accusantium autem explicabo nam assumenda omnis. Non aut minima et cumque aut. Illum laborum corrupti impedit non et harum.',100,1,0,'2014-11-27 17:28:30','2021-05-12 13:15:18'),(83,18,59,'distinctio','Necessitatibus explicabo consequatur sunt alias earum veniam aspernatur. Hic voluptatibus excepturi in natus illo sit repellendus. Aut consequatur distinctio repellat quos ipsum qui est.',74,1,1,'2021-04-19 07:52:27','2021-05-12 13:15:18'),(84,50,89,'aut','Laborum rerum at delectus ut maxime. Quia exercitationem ab a odit sequi mollitia dolorem.',45,1,1,'2017-04-10 23:19:01','2019-08-01 07:40:12'),(85,20,69,'mollitia','Quaerat omnis aspernatur eius nostrum tempora repellendus omnis. Labore nobis voluptatibus reprehenderit vel perspiciatis esse. Dolore laborum at et mollitia saepe ea ducimus. Natus eos quidem ut dolorum.',63,1,1,'2012-08-23 00:42:18','2019-11-07 06:57:45'),(86,96,22,'voluptas','Nemo ea suscipit et ab atque unde ut. Distinctio nam ex molestias rerum dolor accusantium quis.',53,1,0,'2018-03-22 06:34:25','2021-05-12 13:15:18'),(87,84,95,'est','Suscipit dolores officia velit saepe optio asperiores deserunt. Molestiae minus et molestiae eos impedit reiciendis exercitationem. Quae maiores nihil quae.',52,0,1,'2011-07-13 17:12:06','2012-03-13 21:36:35'),(88,46,30,'amet','Autem distinctio pariatur sunt eveniet ex enim. Veritatis ducimus explicabo cumque. Quasi voluptas rerum quia vel. Id nesciunt aliquam eos culpa.',42,0,0,'2020-03-25 12:00:58','2021-05-12 13:15:18'),(89,5,35,'magni','Ducimus quae dolorem eveniet provident officiis voluptates non. Soluta maxime odio dolorem asperiores. Aut nobis debitis qui omnis minima iste consequatur. Adipisci placeat ducimus tempore quisquam officia labore sit nemo.',7,1,0,'2019-11-14 10:49:44','2021-05-12 13:15:18'),(90,15,3,'et','Sit dignissimos incidunt animi id. Et odit voluptas aperiam est ratione praesentium illo. Itaque minus dignissimos deserunt facere nostrum. Quia expedita quas voluptatem est quia et.',94,1,1,'2019-09-09 10:53:37','2021-05-12 13:15:18'),(91,59,91,'dignissimos','Dolorem consequuntur id harum laboriosam officiis omnis repellat. Suscipit quia delectus quas. Iste sapiente quia quae repudiandae magni.',16,0,0,'2018-02-06 14:47:08','2019-07-25 22:02:31'),(92,98,49,'sit','Aut aut vero perferendis saepe ad quia. Voluptatem beatae dolorem impedit rerum. Officia itaque numquam magnam ut consequatur odio. Voluptas ut molestiae labore voluptatem eveniet non libero.',20,1,0,'2015-03-08 03:11:06','2021-05-12 13:15:18'),(93,23,91,'aliquam','Corrupti ad accusantium dolorum aut. Nemo perspiciatis eos nihil ullam voluptas rem sit animi. Error ea eveniet et expedita nihil perspiciatis autem. Eveniet et earum veniam consequuntur explicabo.',75,1,1,'2018-05-20 19:46:56','2021-05-12 13:15:18'),(94,96,57,'eligendi','Aspernatur magni est similique et enim. Rerum et et aut quia voluptatem occaecati architecto. Minus animi illum dolor dicta enim est ad. Non a vel et.',98,1,0,'2021-04-12 09:09:17','2021-05-12 13:15:18'),(95,15,55,'neque','Neque enim aut ducimus et numquam voluptatem. Distinctio ipsam eos velit nostrum deserunt. Harum odio modi tenetur voluptatem ratione. Numquam recusandae sunt et voluptatum eligendi magnam dicta.',38,1,0,'2020-02-01 21:37:33','2021-05-12 13:15:18'),(96,30,87,'repellat','Id molestias dolorum rerum provident. Praesentium dolores nesciunt consectetur eius a. Vero et dolor esse accusantium iure. Velit qui similique quasi dicta perferendis iure.',25,0,1,'2019-05-28 05:59:55','2020-11-13 03:14:01'),(97,40,47,'laborum','Tempora ab error quam quidem eos rerum cupiditate architecto. Aspernatur et consequatur cum quis tempore cupiditate sed. Dolores ut sunt deserunt aut omnis facere.',22,1,0,'2018-06-27 03:32:26','2021-05-12 13:15:18'),(98,84,49,'aut','Placeat magni ipsa voluptas numquam blanditiis ut fuga. Accusantium sit voluptatem totam id libero consequuntur. Recusandae soluta earum illum ut odit libero. Est quidem quibusdam sed sed ut.',99,0,1,'2011-06-18 12:21:36','2018-05-01 07:08:21'),(99,72,76,'temporibus','Id sequi iste assumenda est voluptatem est amet. Consequatur est ab tenetur. Amet et eos illo dolores aspernatur magni ipsum. Qui et sit possimus quae ut deleniti.',55,0,0,'2011-08-15 05:43:45','2021-05-12 13:15:18'),(100,10,50,'et','Minus dolorum et quod ut nulla itaque temporibus. Iure aut nesciunt eos sed vel consectetur ipsam laudantium. Cum non optio omnis doloribus.',3,0,1,'2012-06-23 03:37:25','2021-03-10 21:39:06');
/*!40000 ALTER TABLE `posts` ENABLE KEYS */;
UNLOCK TABLES;

--
-- Table structure for table `profiles`
--

DROP TABLE IF EXISTS `profiles`;
/*!40101 SET @saved_cs_client     = @@character_set_client */;
/*!50503 SET character_set_client = utf8mb4 */;
CREATE TABLE `profiles` (
  `user_id` int unsigned NOT NULL COMMENT '╨б╤Б╤Л╨╗╨║╨░ ╨╜╨░ ╨┐╨╛╨╗╤М╨╖╨╛╨▓╨░╤В╨╡╨╗╤П',
  `gender` char(1) CHARACTER SET utf8mb4 COLLATE utf8mb4_unicode_ci NOT NULL COMMENT '╨Я╨╛╨╗',
  `birthday` date DEFAULT NULL COMMENT '╨Ф╨░╤В╨░ ╤А╨╛╨╢╨┤╨╡╨╜╨╕╤П',
  `city_id` int unsigned DEFAULT NULL COMMENT '╨б╤Б╤Л╨╗╨║╨░ ╨╜╨░ ╨│╨╛╤А╨╛╨┤ ╨┐╤А╨╛╨╢╨╕╨▓╨░╨╜╨╕╤П',
  `created_at` datetime DEFAULT CURRENT_TIMESTAMP COMMENT '╨Т╤А╨╡╨╝╤П ╤Б╨╛╨╖╨┤╨░╨╜╨╕╤П ╤Б╤В╤А╨╛╨║╨╕',
  `updated_at` datetime DEFAULT CURRENT_TIMESTAMP ON UPDATE CURRENT_TIMESTAMP COMMENT '╨Т╤А╨╡╨╝╤П ╨╛╨▒╨╜╨╛╨▓╨╗╨╡╨╜╨╕╤П ╤Б╤В╤А╨╛╨║╨╕',
  PRIMARY KEY (`user_id`),
  KEY `profiles_city_id_fk` (`city_id`),
  CONSTRAINT `profiles_city_id_fk` FOREIGN KEY (`city_id`) REFERENCES `cities` (`id`) ON DELETE SET NULL,
  CONSTRAINT `profiles_user_id_fk` FOREIGN KEY (`user_id`) REFERENCES `users` (`id`) ON DELETE CASCADE
) ENGINE=InnoDB DEFAULT CHARSET=utf8mb4 COLLATE=utf8mb4_unicode_ci COMMENT='╨Я╤А╨╛╤Д╨╕╨╗╨╕';
/*!40101 SET character_set_client = @saved_cs_client */;

--
-- Dumping data for table `profiles`
--

LOCK TABLES `profiles` WRITE;
/*!40000 ALTER TABLE `profiles` DISABLE KEYS */;
INSERT INTO `profiles` VALUES (1,'F','1973-12-07',31,'2020-02-23 14:37:49','2021-05-05 20:06:56'),(2,'M','2001-02-24',76,'2021-04-08 15:45:45','2021-05-05 20:06:56'),(3,'F','2007-11-22',100,'2021-04-02 07:49:33','2021-05-05 20:06:56'),(4,'F','2010-04-02',27,'2014-06-20 15:50:50','2021-03-09 06:59:20'),(5,'M','1983-05-25',62,'2012-03-02 14:50:10','2019-12-19 20:02:15'),(6,'F','2016-04-25',56,'2013-07-12 18:57:39','2021-05-05 20:06:56'),(7,'F','2014-08-11',83,'2016-11-12 20:28:59','2021-05-05 20:06:56'),(8,'F','1988-08-15',68,'2013-08-02 07:55:20','2013-08-16 13:07:29'),(9,'F','2015-12-03',32,'2018-01-24 00:58:37','2021-05-05 20:06:56'),(10,'M','2020-09-07',13,'2013-09-23 19:56:34','2014-09-18 00:27:38'),(11,'F','1975-08-27',12,'2019-02-08 01:07:21','2021-05-05 20:06:56'),(12,'F','1994-06-27',73,'2020-08-18 02:18:35','2021-05-05 20:06:56'),(13,'M','1996-01-21',5,'2017-03-15 09:19:37','2017-03-16 04:44:45'),(14,'M','2009-03-08',64,'2018-01-18 03:38:48','2020-08-14 12:32:49'),(15,'F','1983-08-11',35,'2017-03-30 03:28:45','2021-05-05 20:06:56'),(16,'F','2005-04-26',75,'2017-06-22 19:03:57','2021-05-05 20:06:56'),(17,'M','1976-05-15',85,'2016-08-07 19:29:48','2021-05-05 20:06:56'),(18,'M','1980-01-26',8,'2012-05-26 17:38:07','2018-01-14 00:58:40'),(19,'F','1981-04-07',2,'2014-08-14 02:30:26','2021-05-05 20:06:56'),(20,'M','1983-06-08',20,'2017-04-27 07:54:14','2021-05-05 20:06:56'),(21,'M','2009-05-03',57,'2019-01-21 02:15:30','2019-10-12 09:37:14'),(22,'M','1977-08-21',91,'2019-09-14 20:00:23','2021-05-05 20:06:56'),(23,'M','2004-02-22',30,'2011-06-08 10:15:32','2017-03-20 07:46:56'),(24,'F','2015-09-17',57,'2013-01-18 01:13:04','2018-03-15 00:40:46'),(25,'M','1981-05-11',58,'2015-10-09 16:58:30','2021-05-05 20:06:56'),(26,'F','1999-06-07',43,'2011-12-12 12:17:13','2017-03-10 14:34:57'),(27,'F','1974-03-01',56,'2020-04-09 13:13:17','2021-02-18 19:38:13'),(28,'M','2002-04-29',31,'2012-01-06 20:51:26','2012-02-03 05:49:45'),(29,'M','1997-04-24',20,'2014-04-13 02:33:05','2019-06-19 00:20:39'),(30,'M','2001-12-30',2,'2021-02-02 08:55:30','2021-05-05 20:06:56'),(31,'M','2004-01-01',10,'2016-08-23 17:56:10','2020-04-12 08:52:09'),(32,'M','2017-03-08',50,'2016-06-08 00:47:49','2021-05-05 20:06:56'),(33,'F','2020-12-28',78,'2012-03-23 23:02:31','2019-03-22 08:24:17'),(34,'M','1984-01-20',9,'2015-03-19 10:14:52','2020-08-01 00:38:08'),(35,'M','2010-10-16',76,'2014-03-05 13:37:33','2016-09-29 09:59:06'),(36,'F','1993-11-01',39,'2015-07-13 16:06:47','2021-05-05 20:06:56'),(37,'M','1977-06-29',65,'2017-05-20 11:08:44','2018-09-27 16:22:52'),(38,'F','1995-10-02',59,'2013-02-12 00:12:46','2013-11-14 20:13:11'),(39,'F','1973-05-16',7,'2014-11-16 12:48:19','2021-05-05 20:06:56'),(40,'F','1993-10-01',96,'2014-01-28 08:05:06','2016-07-08 05:14:44'),(41,'M','2010-10-14',72,'2012-09-10 13:23:50','2014-03-30 01:18:50'),(42,'M','1974-08-01',18,'2014-02-01 18:52:05','2017-12-09 18:08:04'),(43,'F','1976-09-30',69,'2013-08-28 04:14:55','2018-07-04 12:25:52'),(44,'F','1972-06-01',76,'2019-11-19 03:09:53','2021-05-05 20:06:56'),(45,'M','2003-09-06',81,'2021-01-08 02:07:05','2021-05-05 20:06:56'),(46,'F','1983-08-26',3,'2016-12-03 17:26:41','2021-05-05 20:06:56'),(47,'M','1983-07-17',51,'2016-07-10 21:40:04','2021-05-05 20:06:56'),(48,'M','2006-03-12',66,'2015-01-10 11:31:26','2021-05-05 20:06:56'),(49,'F','2016-01-08',11,'2017-06-17 13:27:33','2020-02-17 12:31:24'),(50,'F','2011-05-26',52,'2018-04-19 00:26:49','2021-05-05 20:06:56'),(51,'F','1991-05-12',86,'2017-02-10 03:23:41','2020-07-17 19:38:33'),(52,'M','1993-12-05',67,'2013-05-04 08:38:34','2020-12-28 18:31:42'),(53,'M','2011-08-14',43,'2019-08-26 00:44:43','2021-05-05 20:06:56'),(54,'F','2009-01-17',16,'2012-12-24 06:21:38','2020-01-16 16:50:31'),(55,'F','1980-02-19',23,'2011-12-23 08:03:25','2018-05-27 09:21:06'),(56,'F','1980-08-17',100,'2018-05-11 08:19:52','2021-05-05 20:06:56'),(57,'F','1995-03-19',59,'2013-10-10 10:33:55','2017-04-28 11:28:27'),(58,'M','1978-05-24',79,'2016-11-06 17:36:55','2019-02-14 11:45:37'),(59,'F','2017-04-20',31,'2011-06-28 07:37:28','2013-08-04 23:17:31'),(60,'M','1976-12-01',78,'2016-11-01 13:48:57','2016-12-01 08:32:31'),(61,'F','2006-01-21',80,'2018-08-11 17:51:31','2021-05-05 20:06:56'),(62,'M','2019-02-16',40,'2020-11-12 01:02:19','2021-05-05 20:06:56'),(63,'M','2004-09-17',27,'2012-10-20 10:21:26','2018-02-12 08:43:09'),(64,'F','2018-12-18',57,'2019-07-27 06:56:27','2019-12-23 01:08:24'),(65,'F','1977-02-14',49,'2017-02-24 17:40:50','2017-11-28 10:23:09'),(66,'F','2019-11-01',3,'2015-12-21 03:10:55','2021-05-05 20:06:56'),(67,'F','1982-09-13',96,'2016-04-03 14:00:05','2019-11-20 20:41:23'),(68,'F','1990-07-09',13,'2012-03-10 01:47:06','2018-05-10 21:48:22'),(69,'F','2018-10-06',61,'2020-04-08 18:06:17','2021-05-05 20:06:56'),(70,'M','1985-05-29',2,'2018-09-01 12:39:52','2021-05-05 20:06:56'),(71,'M','1993-09-10',9,'2020-12-09 02:52:54','2021-05-05 20:06:56'),(72,'M','2005-05-27',32,'2019-11-12 19:36:16','2021-03-08 16:27:41'),(73,'F','1996-06-11',20,'2016-07-26 23:26:30','2018-05-15 03:27:50'),(74,'M','1971-08-16',77,'2019-12-16 07:45:05','2021-05-05 20:06:56'),(75,'F','2000-11-07',8,'2017-01-28 00:58:34','2017-08-21 18:33:58'),(76,'M','2011-10-30',1,'2014-02-14 08:00:55','2019-10-10 17:33:25'),(77,'M','1996-01-19',80,'2017-02-25 21:23:26','2020-03-26 23:53:19'),(78,'F','1986-04-13',59,'2013-03-29 21:33:41','2014-09-05 13:24:30'),(79,'F','2011-12-03',67,'2011-05-09 12:55:57','2012-11-29 12:41:13'),(80,'M','2011-11-10',90,'2011-10-17 10:54:45','2019-12-03 20:40:46'),(81,'M','1985-11-23',11,'2015-05-14 12:06:07','2021-05-05 20:06:56'),(82,'F','2019-05-22',52,'2014-11-19 06:16:09','2018-07-04 17:31:33'),(83,'F','1978-10-17',56,'2013-05-11 11:09:31','2021-02-19 00:20:51'),(84,'F','1990-08-15',53,'2018-05-09 20:54:54','2021-05-05 20:06:56'),(85,'M','1977-08-12',68,'2018-04-24 05:23:04','2021-05-05 20:06:56'),(86,'M','2013-04-21',79,'2018-09-25 14:01:53','2020-04-02 13:18:32'),(87,'M','1977-09-12',53,'2016-01-30 09:41:21','2021-05-05 20:06:56'),(88,'M','2015-03-02',26,'2012-10-02 00:39:46','2018-06-24 20:17:11'),(89,'M','1991-06-17',57,'2013-04-30 11:00:49','2015-05-03 01:37:10'),(90,'F','2011-01-15',84,'2018-07-30 07:06:45','2021-05-05 20:06:56'),(91,'F','1999-11-26',3,'2018-03-29 07:31:24','2021-05-05 20:06:56'),(92,'F','1973-08-22',37,'2019-09-12 05:31:52','2021-05-05 20:06:56'),(93,'M','2006-01-19',23,'2018-08-15 17:44:10','2021-05-05 20:06:56'),(94,'M','1998-03-10',30,'2018-01-13 05:04:30','2021-05-05 20:06:56'),(95,'M','1979-02-10',94,'2014-07-05 19:46:30','2020-05-18 09:37:54'),(96,'F','1988-09-23',72,'2014-01-27 01:35:32','2014-07-17 21:20:36'),(97,'M','1983-02-10',32,'2018-01-23 11:45:23','2021-05-05 20:06:56'),(98,'F','1993-03-09',90,'2019-12-16 16:52:06','2021-05-05 20:06:56'),(99,'M','2008-11-03',85,'2012-01-25 22:32:06','2013-01-11 18:32:54'),(100,'F','1994-11-27',93,'2014-06-04 11:28:16','2021-05-05 20:06:56');
/*!40000 ALTER TABLE `profiles` ENABLE KEYS */;
UNLOCK TABLES;

--
-- Table structure for table `users`
--

DROP TABLE IF EXISTS `users`;
/*!40101 SET @saved_cs_client     = @@character_set_client */;
/*!50503 SET character_set_client = utf8mb4 */;
CREATE TABLE `users` (
  `id` int unsigned NOT NULL AUTO_INCREMENT COMMENT '╨Ш╨┤╨╡╨╜╤В╨╕╤Д╨╕╨║╨░╤В╨╛╤А ╤Б╤В╤А╨╛╨║╨╕',
  `first_name` varchar(100) CHARACTER SET utf8mb4 COLLATE utf8mb4_unicode_ci NOT NULL COMMENT '╨Ш╨╝╤П ╨┐╨╛╨╗╤М╨╖╨╛╨▓╨░╤В╨╡╨╗╤П',
  `last_name` varchar(100) CHARACTER SET utf8mb4 COLLATE utf8mb4_unicode_ci NOT NULL COMMENT '╨д╨░╨╝╨╕╨╗╨╕╤П ╨┐╨╛╨╗╤М╨╖╨╛╨▓╨░╤В╨╡╨╗╤П',
  `email` varchar(100) CHARACTER SET utf8mb4 COLLATE utf8mb4_unicode_ci NOT NULL COMMENT '╨Я╨╛╤З╤В╨░',
  `phone` varchar(100) CHARACTER SET utf8mb4 COLLATE utf8mb4_unicode_ci NOT NULL COMMENT '╨в╨╡╨╗╨╡╤Д╨╛╨╜',
  `created_at` datetime DEFAULT CURRENT_TIMESTAMP COMMENT '╨Т╤А╨╡╨╝╤П ╤Б╨╛╨╖╨┤╨░╨╜╨╕╤П ╤Б╤В╤А╨╛╨║╨╕',
  `updated_at` datetime DEFAULT CURRENT_TIMESTAMP ON UPDATE CURRENT_TIMESTAMP COMMENT '╨Т╤А╨╡╨╝╤П ╨╛╨▒╨╜╨╛╨▓╨╗╨╡╨╜╨╕╤П ╤Б╤В╤А╨╛╨║╨╕',
  PRIMARY KEY (`id`),
  UNIQUE KEY `email` (`email`),
  UNIQUE KEY `phone` (`phone`)
) ENGINE=InnoDB AUTO_INCREMENT=101 DEFAULT CHARSET=utf8mb4 COLLATE=utf8mb4_unicode_ci COMMENT='╨Я╨╛╨╗╤М╨╖╨╛╨▓╨░╤В╨╡╨╗╨╕';
/*!40101 SET character_set_client = @saved_cs_client */;

--
-- Dumping data for table `users`
--

LOCK TABLES `users` WRITE;
/*!40000 ALTER TABLE `users` DISABLE KEYS */;
INSERT INTO `users` VALUES (1,'Pete','Abernathy','robel.issac@example.net','1-933-789-8969x35545','2018-11-08 13:49:27','2021-05-05 20:02:18'),(2,'Liana','Bosco','guillermo66@example.com','505.658.8759x77474','2012-05-07 17:27:00','2017-06-27 08:05:36'),(3,'Mattie','Powlowski','greenfelder.brody@example.net','(406)702-4161','2018-05-14 20:40:24','2021-05-05 20:02:18'),(4,'Laurel','Doyle','olin.schulist@example.com','1-199-379-8992','2017-05-21 08:05:48','2019-07-16 07:03:12'),(5,'Vance','Cartwright','alejandrin87@example.net','(735)760-3226','2017-07-08 13:39:57','2020-04-21 01:20:38'),(6,'Dolores','Moen','rice.lenna@example.net','+15(3)9141535955','2015-04-01 02:57:00','2021-05-05 20:02:18'),(7,'Deja','Stroman','mueller.marcella@example.net','1-720-418-7035x4480','2014-12-25 00:37:05','2021-05-05 20:02:18'),(8,'Wallace','McDermott','thea71@example.com','(770)863-2663x363','2016-07-02 15:29:52','2021-05-05 20:02:18'),(9,'Helen','Trantow','cabshire@example.org','(639)106-8946x3849','2017-08-25 05:26:56','2021-05-05 20:02:18'),(10,'Jefferey','Reinger','dicki.karina@example.net','1-724-649-9057x27777','2012-01-12 13:11:03','2014-02-12 22:32:43'),(11,'Terence','Beahan','vkilback@example.com','991-192-6925x332','2011-07-25 15:31:29','2021-02-23 22:34:52'),(12,'Emelia','Rosenbaum','tessie10@example.com','1-976-304-2607x74121','2020-04-15 07:26:25','2021-05-05 20:02:18'),(13,'Kale','Rogahn','shany.huels@example.com','259.767.6928','2020-10-01 11:22:04','2021-05-05 20:02:18'),(14,'Brant','Sanford','rdoyle@example.com','894-222-1710x598','2013-10-03 12:54:56','2014-06-23 06:23:10'),(15,'Adrienne','Toy','feil.tabitha@example.org','(901)984-8515x0465','2020-09-28 14:42:15','2021-05-05 20:02:18'),(16,'Leland','Nader','okirlin@example.com','(040)897-0456','2021-04-07 17:08:46','2021-05-05 20:02:18'),(17,'Andre','Senger','milford59@example.net','574.184.3456x94432','2016-09-13 07:17:29','2020-07-01 08:38:36'),(18,'Terrence','Eichmann','kblick@example.org','+79(4)9474800582','2017-02-07 06:35:44','2021-05-05 20:02:18'),(19,'Margarete','Ernser','alverta69@example.net','1-687-335-5915x0305','2018-09-25 17:58:53','2021-05-05 20:02:18'),(20,'Filomena','Schuster','lindgren.dasia@example.com','286-726-3949x02629','2017-11-07 01:29:39','2021-05-05 20:02:18'),(21,'Carlos','Thiel','selina.cruickshank@example.org','364-788-7006x49755','2020-01-28 22:52:17','2021-05-05 20:02:18'),(22,'Roosevelt','Stracke','ferry.eduardo@example.com','02511297030','2016-02-15 08:00:04','2017-11-20 18:53:29'),(23,'Brant','Sawayn','terrance99@example.org','1-990-661-6227','2019-11-16 02:20:47','2021-05-05 20:02:18'),(24,'Tillman','O\'Keefe','jody33@example.org','(167)713-4462','2014-07-22 10:09:21','2021-05-05 20:02:18'),(25,'Corine','Emmerich','greenholt.misty@example.com','+74(4)8213387451','2013-01-22 08:42:29','2016-04-23 20:25:44'),(26,'Howell','Witting','mcdermott.dorcas@example.org','+34(0)0947975436','2017-04-04 08:47:13','2021-05-05 20:02:18'),(27,'Lauretta','Ortiz','stephan21@example.com','+34(7)3439132829','2012-09-26 09:56:09','2018-05-29 14:23:53'),(28,'Myles','Graham','theodora05@example.org','(167)948-0164','2018-02-01 05:00:12','2019-02-09 00:07:50'),(29,'Cesar','Feest','parker.meda@example.org','615-950-7044x030','2019-08-18 06:36:47','2019-09-24 04:15:06'),(30,'Alexandrea','Kautzer','maud24@example.net','719.232.0860x610','2015-02-21 09:13:56','2021-05-05 20:02:18'),(31,'Sallie','Wuckert','clifford.okuneva@example.net','1-519-694-1516','2012-09-22 22:37:25','2013-08-06 09:43:52'),(32,'Baylee','Emmerich','khartmann@example.com','(965)640-6600x300','2019-11-29 09:26:12','2021-05-05 20:02:18'),(33,'Walter','Walker','jeanie.klein@example.com','552-239-9827x087','2016-09-02 00:34:20','2021-05-05 20:02:18'),(34,'Jess','Hills','bertrand37@example.com','1-936-108-3226','2019-12-09 12:24:34','2021-05-05 20:02:18'),(35,'Summer','Quigley','oliver57@example.net','011-554-6898','2017-10-02 12:46:10','2021-04-10 03:36:08'),(36,'Alan','Swaniawski','rhea.gaylord@example.org','012-437-9795','2012-07-09 10:28:35','2020-12-28 16:49:25'),(37,'Ewell','Barton','no\'connell@example.com','1-067-655-1625','2011-08-02 23:03:46','2015-06-28 03:04:21'),(38,'Lysanne','Keeling','major68@example.net','187-051-4661x2324','2019-10-02 22:13:42','2020-07-07 16:57:21'),(39,'Hallie','Johns','allie.lynch@example.net','(386)126-8484','2011-09-04 09:01:50','2020-12-16 20:40:38'),(40,'Fletcher','Wilkinson','white.everardo@example.org','568.163.6554x107','2015-07-04 13:08:07','2021-05-05 20:02:18'),(41,'Waino','Crist','koch.verona@example.net','411-471-5483','2020-12-22 22:20:54','2021-05-05 20:02:18'),(42,'Maximilian','Reichert','gia78@example.net','1-926-713-9775x85119','2019-07-28 20:20:08','2021-05-05 20:02:18'),(43,'Henriette','Wintheiser','roxanne.abernathy@example.com','06833300012','2017-05-23 17:34:51','2021-05-05 20:02:18'),(44,'Demario','Frami','eugene44@example.com','258.692.2361','2019-08-08 17:35:14','2020-10-11 06:04:43'),(45,'Karelle','Lebsack','joan71@example.net','876-583-7428x7855','2013-04-04 14:46:56','2021-05-05 20:02:18'),(46,'Deshaun','Hansen','jokuneva@example.org','1-551-437-8675x99832','2018-01-25 08:16:35','2021-05-05 20:02:18'),(47,'Mose','Kutch','alisa74@example.net','503.727.0080','2017-06-19 17:33:59','2021-05-05 20:02:18'),(48,'Delphine','Zboncak','schneider.alyce@example.org','1-188-879-2097','2017-09-27 22:50:02','2021-05-05 20:02:18'),(49,'Dawson','Runte','jon67@example.org','1-377-642-3691x927','2017-11-16 06:10:10','2021-05-05 20:02:18'),(50,'Tia','Ferry','ali.zemlak@example.net','+42(0)4795393625','2011-12-03 13:52:07','2019-12-01 21:29:37'),(51,'Zachariah','Hauck','parisian.brando@example.com','152.523.2457x213','2018-06-25 13:08:15','2018-12-08 14:31:31'),(52,'Braeden','Wilderman','annetta.adams@example.org','1-641-669-1490x1414','2015-12-27 07:42:39','2021-05-05 20:02:18'),(53,'Kenyon','Kozey','jessie.kassulke@example.org','(921)602-3448','2015-11-23 03:08:52','2021-05-05 20:02:18'),(54,'Bertram','Marquardt','ortiz.wilburn@example.net','+72(6)5296910057','2018-08-16 21:06:00','2021-05-05 20:02:18'),(55,'Coby','Mitchell','lluettgen@example.net','1-772-682-5014','2011-05-27 01:14:48','2014-07-24 20:38:33'),(56,'Francis','Hahn','evan82@example.org','587-860-9048','2019-04-20 22:35:17','2019-10-25 01:17:37'),(57,'Rocio','Monahan','ekuhn@example.org','1-694-870-6564','2021-04-02 16:46:49','2021-05-05 20:02:18'),(58,'Brandi','Hermann','lyla.hoppe@example.net','394.077.9382','2016-11-22 10:02:32','2018-12-21 02:38:47'),(59,'Markus','Cormier','dillon.schuppe@example.com','355.628.1062x695','2018-02-06 14:01:00','2021-05-05 20:02:18'),(60,'Johnnie','Treutel','cronin.lowell@example.net','(120)329-7107','2016-04-01 22:07:06','2021-05-05 20:02:18'),(61,'Reina','Langosh','lind.kailyn@example.org','579-443-5820x7600','2019-11-04 04:59:37','2021-05-05 20:02:18'),(62,'Kariane','Jacobs','jeramy97@example.net','1-633-536-6285x818','2015-08-17 14:41:30','2021-05-05 20:02:18'),(63,'Hailee','Tillman','candida.borer@example.com','1-684-811-9182','2012-05-05 02:06:41','2012-12-03 13:21:12'),(64,'Angie','Champlin','april.dubuque@example.net','(719)544-7575','2019-02-12 13:31:43','2021-05-05 20:02:18'),(65,'Anibal','Grimes','nathaniel34@example.com','(329)125-8425','2021-02-16 23:48:35','2021-05-05 20:02:18'),(66,'Estelle','Murray','eblanda@example.net','518.097.2039','2013-10-18 19:43:02','2013-12-30 02:39:55'),(67,'Melany','Hackett','dibbert.estell@example.org','997-383-6189x8631','2016-12-11 09:53:22','2017-08-26 21:19:34'),(68,'Arthur','Hilll','keven.jacobi@example.net','126.437.0880x385','2018-07-25 01:14:51','2021-01-28 05:52:57'),(69,'Rosamond','Gerhold','kylee.kling@example.com','1-252-257-3901','2011-05-17 22:35:13','2014-01-06 21:15:19'),(70,'Anahi','Dibbert','amara.hammes@example.org','1-315-453-1599x562','2014-06-15 12:54:24','2017-09-30 15:09:43'),(71,'Lorenzo','Crona','iva.balistreri@example.com','(677)410-6834x509','2018-02-15 15:42:29','2021-05-05 20:02:18'),(72,'Manuela','Blanda','collin.flatley@example.org','888.028.7110','2012-02-15 22:38:57','2020-12-22 01:25:42'),(73,'Olin','Gibson','uroberts@example.net','659-516-4712','2013-01-11 07:28:48','2019-03-25 11:50:44'),(74,'Joseph','Mohr','chaz18@example.org','1-665-532-2625','2019-11-19 04:33:22','2020-12-30 00:49:56'),(75,'Kiana','Schoen','zella10@example.com','563.365.6692x868','2012-02-06 17:15:49','2019-07-27 03:10:37'),(76,'Jude','Gleichner','dortha38@example.net','07181183866','2015-02-11 09:49:56','2021-05-05 20:02:18'),(77,'Adolph','Hessel','kthompson@example.org','579.334.5842','2016-03-15 02:49:40','2021-05-05 20:02:18'),(78,'Shayne','Auer','karson09@example.com','869-319-5974x718','2013-08-02 01:24:03','2020-12-28 20:51:28'),(79,'Josiah','Ritchie','dbradtke@example.org','130-050-4454x36549','2020-08-14 02:14:02','2021-05-05 20:02:18'),(80,'Anika','O\'Keefe','foster.dubuque@example.org','065.977.0093x5432','2016-03-05 15:02:33','2021-05-05 20:02:18'),(81,'Cassidy','Beier','mhilpert@example.org','321-870-8370x954','2013-05-01 17:03:49','2018-11-17 10:39:22'),(82,'Alison','Fadel','margarete35@example.org','+11(6)2649603945','2019-11-21 09:57:25','2021-05-05 20:02:18'),(83,'Sandra','Smith','jedediah66@example.net','1-396-439-9761x6968','2011-12-02 19:41:35','2021-05-05 20:02:18'),(84,'Frieda','Bechtelar','larson.lazaro@example.net','1-346-180-8691','2015-01-10 07:18:30','2019-12-26 22:03:46'),(85,'Jaylen','Miller','mdenesik@example.org','481.411.7711x041','2016-11-03 13:32:40','2021-05-05 20:02:18'),(86,'Gerhard','Boyer','lucas62@example.net','632-077-6907','2019-09-23 23:06:55','2021-05-05 20:02:18'),(87,'Regan','Fadel','bednar.laverna@example.net','560.230.9039','2019-06-05 20:51:05','2021-05-05 20:02:18'),(88,'Gwendolyn','Balistreri','xbahringer@example.net','887-203-8471x24495','2014-11-14 19:31:25','2016-04-30 22:55:01'),(89,'Dortha','Stokes','ryann06@example.com','(457)170-3187x29191','2015-08-11 23:01:30','2021-05-05 20:02:18'),(90,'Danika','Klocko','lhermann@example.com','614.581.7426','2018-01-16 19:07:07','2021-05-05 20:02:18'),(91,'Annalise','Greenholt','reynolds.lindsay@example.org','477.891.1235','2012-06-05 10:55:23','2017-02-03 10:53:12'),(92,'Carroll','Jones','sophia30@example.org','693.189.8063','2018-06-05 16:41:45','2021-05-05 20:02:18'),(93,'Gretchen','Jakubowski','angeline.lockman@example.org','358.344.5504x919','2011-07-11 16:51:30','2018-09-01 08:49:37'),(94,'Jacquelyn','Wolf','elisa.hintz@example.org','(155)577-3499x990','2016-07-15 22:53:50','2021-05-05 20:02:18'),(95,'Bernhard','Kshlerin','gabe.emard@example.net','709-773-6830','2015-12-19 23:21:33','2019-04-17 11:59:52'),(96,'Lue','Gerlach','august63@example.org','434.564.3582x578','2015-07-15 07:54:38','2021-02-08 07:34:44'),(97,'Jules','Ritchie','dubuque.gisselle@example.org','(603)929-5415x5991','2015-11-15 09:26:41','2019-03-21 18:11:33'),(98,'Patsy','Turcotte','granville54@example.com','02373342022','2013-01-14 02:39:35','2015-11-14 00:55:41'),(99,'Jeffery','Ortiz','waters.pearline@example.org','587-085-3042x0238','2011-11-10 10:07:46','2020-08-27 00:59:48'),(100,'Cesar','Harvey','neoma80@example.org','020-621-1688x6292','2017-08-29 11:35:18','2021-05-05 20:02:18');
/*!40000 ALTER TABLE `users` ENABLE KEYS */;
UNLOCK TABLES;
/*!40103 SET TIME_ZONE=@OLD_TIME_ZONE */;

/*!40101 SET SQL_MODE=@OLD_SQL_MODE */;
/*!40014 SET FOREIGN_KEY_CHECKS=@OLD_FOREIGN_KEY_CHECKS */;
/*!40014 SET UNIQUE_CHECKS=@OLD_UNIQUE_CHECKS */;
/*!40101 SET CHARACTER_SET_CLIENT=@OLD_CHARACTER_SET_CLIENT */;
/*!40101 SET CHARACTER_SET_RESULTS=@OLD_CHARACTER_SET_RESULTS */;
/*!40101 SET COLLATION_CONNECTION=@OLD_COLLATION_CONNECTION */;
/*!40111 SET SQL_NOTES=@OLD_SQL_NOTES */;

-- Dump completed on 2021-05-12 18:32:27
